rms,mav,wl,zcr,mdf,label
208.85909125532459,208.46,24856.0,102,47.0,0
207.13898715596733,206.82,26180.0,99,48.0,0
205.26714301124767,204.96,26078.0,101,51.0,0
202.158007508978,201.87,26066.0,100,51.0,0
199.33539575298713,198.86,26567.0,98,47.0,0
197.56057298965297,196.97,25497.0,100,46.0,0
197.17651990031675,196.57,25104.0,100,47.0,0
195.8719479660117,195.29,23588.0,96,49.0,0
193.3230974301829,192.93,25493.0,95,49.0,0
192.1174640682101,191.8,25655.0,92,49.0,0
192.31240209617266,191.99,26656.0,93,49.0,0
191.51725770801963,191.25,27086.0,94,50.0,0
194.28535714252888,193.76,29873.0,91,51.0,0
200.93506413764624,199.75,31746.0,94,51.0,0
208.0981018654423,206.77,31127.0,96,53.0,0
214.3982276046143,213.16,31749.0,94,55.0,0
221.95026469909874,220.52,34140.0,96,57.0,0
230.45954091770642,228.84,35603.0,99,56.0,0
237.84297340892792,236.18,33539.0,98,50.0,0
241.5799246626259,240.27,34583.0,99,50.0,0
245.10352914635888,244.17,36171.0,98,49.0,0
249.26419718844502,248.74,37057.0,100,49.0,0
252.48195975158305,252.11,35041.0,100,51.0,0
251.76735292726102,251.38,34026.0,97,51.0,0
250.87187965174573,250.45,34796.0,98,54.0,0
250.48217501451077,250.04,32873.0,100,55.0,0
246.17221614146467,245.54,30796.0,102,54.0,0
239.08943933181158,238.28,28423.0,104,53.0,0
230.11749172976835,228.93,29332.0,106,52.0,0
224.2698374726303,222.52,29134.0,105,52.0,0
217.9662817960613,215.73,27918.0,105,53.0,0
212.04768331674836,209.87,29245.0,103,54.0,0
207.6768643831084,206.02,28998.0,104,48.0,0
206.2282715827294,204.75,28673.0,106,46.0,0
205.87714783336202,204.44,28252.0,104,46.0,0
205.3077689713665,203.94,29564.0,103,47.0,0
207.80577470320694,206.22,29899.0,100,47.0,0
210.7134072620914,209.05,30643.0,95,47.0,0
212.94515725885856,211.54,30285.0,93,47.0,0
215.02404516704638,213.91,29058.0,95,46.0,0
217.19166650679765,216.45,29741.0,99,43.0,0
219.523802809627,219.01,27753.0,101,42.0,0
219.39858705105647,218.89,28367.0,99,42.0,0
218.2017415145901,217.72,28523.0,99,48.0,0
217.3817379634269,216.93,28813.0,100,54.0,0
215.78271478503555,215.37,29420.0,101,54.0,0
215.0939329688311,214.74,29247.0,102,54.0,0
214.785381253008,214.46,30703.0,105,54.0,0
219.96199671761482,219.38,33305.0,105,54.0,0
227.46371139150966,226.53,36747.0,104,54.0,0
236.63850067138273,235.37,35587.0,104,49.0,0
245.65007632809724,243.82,36705.0,101,46.0,0
256.6798005297651,254.1,39726.0,102,45.0,0
271.13221866830946,267.5,40817.0,103,46.0,0
281.7892120007436,278.14,41004.0,103,48.0,0
289.84661460848565,287.01,41212.0,103,52.0,0
295.11909460419537,292.9,41860.0,101,56.0,0
301.4547063822358,300.11,43599.0,103,56.0,0
307.1739246746052,306.27,43350.0,104,56.0,0
309.92734632490885,309.26,42883.0,104,55.0,0
311.8844657882146,311.32,42772.0,99,54.0,0
313.4431048850812,312.91,43026.0,98,54.0,0
315.267473742535,314.67,40216.0,97,54.0,0
313.8109622049555,313.34,40030.0,96,53.0,0
311.70399419962524,311.29,40859.0,95,48.0,0
309.5897931134035,309.04,39601.0,92,47.0,0
306.7887220873675,305.9,38452.0,94,48.0,0
301.55566650288637,299.97,34759.0,93,51.0,0
291.7242190837093,288.59,31279.0,91,48.0,0
281.5559269488036,276.41,29957.0,93,45.0,0
270.2310122839346,263.44,30105.0,96,44.0,0
257.3225602235451,249.59,27708.0,96,43.0,0
242.07267503789024,235.27,28782.0,94,44.0,0
228.071830790214,223.48,29825.0,94,44.0,0
219.9823174712004,216.93,28882.0,93,44.0,0
215.82061996018822,213.51,29480.0,95,45.0,0
215.41485556943374,213.18,30757.0,94,47.0,0
218.15228625893425,215.55,33268.0,95,50.0,0
225.16678263012065,222.24,34296.0,96,50.0,0
231.04038608000982,228.61,33825.0,97,51.0,0
235.74927359379075,234.02,34641.0,97,51.0,0
240.89246563560263,239.97,34404.0,98,51.0,0
243.37641627733777,242.86,31676.0,97,50.0,0
244.3993044179954,243.97,32262.0,98,50.0,0
242.76552473528855,242.27,32798.0,100,49.0,0
240.22947362886177,239.66,31840.0,97,47.0,0
237.43803402151056,236.91,32176.0,98,47.0,0
234.15110505825078,233.77,31008.0,97,48.0,0
230.59562007982717,230.47,31231.0,96,47.0,0
231.85193551057537,231.64,33398.0,93,47.0,0
231.649260737003,231.43,31130.0,93,46.0,0
230.72966866010103,230.51,31298.0,94,46.0,0
231.32613341341266,231.13,32860.0,95,45.0,0
230.50618212967737,230.29,29685.0,94,45.0,0
229.43739886949555,229.18,29156.0,92,45.0,0
227.03867511946063,226.54,28928.0,96,47.0,0
223.69309332207823,222.92,29791.0,94,48.0,0
222.10452494264948,221.33,29814.0,97,50.0,0
219.7332018608021,218.98,29168.0,98,51.0,0
216.17927745276606,215.7,29525.0,97,52.0,0
216.90200552323162,216.38,29769.0,97,53.0,0
218.5069335284352,217.86,30925.0,97,52.0,0
220.43416250663145,219.63,29244.0,97,49.0,0
222.42081737103655,221.51,32118.0,95,48.0,0
227.64195571115619,226.41,33847.0,97,47.0,0
233.9102819458777,232.79,34872.0,96,47.0,0
240.27392700832107,239.5,35956.0,97,47.0,0
246.941167082364,246.05,37107.0,97,47.0,0
253.14687436348092,252.45,37834.0,97,47.0,0
259.30025067477277,258.71,36430.0,98,52.0,0
262.0718603742111,261.61,39024.0,100,53.0,0
266.52058081881785,266.07,40299.0,101,53.0,0
271.0915712448471,270.62,42801.0,102,53.0,0
276.24043874856557,275.89,41652.0,104,54.0,0
280.3639777146843,279.88,44381.0,103,53.0,0
287.0302074695275,286.37,42324.0,102,49.0,0
292.84405406290904,292.2,43675.0,103,48.0,0
295.58020908037804,294.93,40813.0,101,49.0,0
297.6478456162584,297.08,41940.0,102,50.0,0
297.33778770953415,296.76,41973.0,100,51.0,0
299.8727730221602,299.48,41831.0,103,51.0,0
298.181220065919,297.66,41522.0,102,51.0,0
297.17577290216644,296.62,41196.0,104,51.0,0
294.8472825040109,294.18,41372.0,106,51.0,0
292.84736638733835,292.23,39323.0,107,51.0,0
289.4182095169549,288.99,40538.0,108,53.0,0
287.35900890697684,287.06,41072.0,107,53.0,0
288.05555019822134,287.72,42145.0,105,53.0,0
289.0393052856307,288.66,40732.0,108,51.0,0
291.23104230146896,290.84,40108.0,107,50.0,0
291.6533558867444,291.26,38183.0,105,49.0,0
291.2295314695953,290.78,34958.0,106,48.0,0
288.7799854560562,288.14,34927.0,105,48.0,0
286.45875793907925,285.55,35398.0,104,49.0,0
281.46420731595697,280.03,33217.0,105,49.0,0
276.14420146003425,274.39,34791.0,105,49.0,0
270.85568112926853,269.08,33979.0,106,50.0,0
265.68379702194864,264.3,33470.0,107,51.0,0
263.2996012150417,262.16,35913.0,105,52.0,0
260.257411037611,259.4,36372.0,103,55.0,0
257.8141190858251,257.18,37364.0,102,55.0,0
261.98030460322775,261.02,41430.0,100,49.0,0
266.5999249812348,265.4,39560.0,101,48.0,0
269.68870944108875,268.58,38364.0,98,48.0,0
276.37868948238395,275.49,43000.0,95,49.0,0
284.83658472885816,284.04,41665.0,94,49.0,0
291.96215508178454,291.33,39684.0,95,49.0,0
295.99466211403205,295.46,40143.0,93,48.0,0
296.7412003750069,296.23,39412.0,94,48.0,0
300.02029931322977,299.59,38703.0,95,48.0,0
302.62838597857933,302.31,38154.0,93,48.0,0
298.2287041852276,297.54,34582.0,92,48.0,0
293.0394171438375,291.91,37412.0,91,47.0,0
291.47432133894745,290.2,37376.0,94,47.0,0
286.7578420898023,285.23,34436.0,95,48.0,0
278.6679027085825,277.04,32786.0,95,48.0,0
270.148329626522,268.58,32145.0,93,48.0,0
262.53708309494107,261.08,30823.0,96,48.0,0
256.86455574874475,255.5,32154.0,97,49.0,0
248.92332152693126,248.09,33707.0,98,52.0,0
242.2341429278705,242.03,33433.0,99,52.0,0
239.9853328851578,239.82,33063.0,98,52.0,0
238.46026922739142,238.27,30969.0,100,53.0,0
235.55262681617455,235.46,30610.0,100,53.0,0
233.42364918748058,233.36,28989.0,99,52.0,0
231.33888562020869,231.24,30128.0,99,52.0,0
229.33412306065577,229.17,31726.0,99,51.0,0
228.95820579310976,228.79,33442.0,99,47.0,0
229.81692713984322,229.61,30453.0,100,46.0,0
231.81432224951072,231.5,29924.0,98,43.0,0
234.3088133212236,233.81,30802.0,98,43.0,0
238.93434244578572,238.13,33184.0,102,44.0,0
242.98456741118355,242.07,33379.0,101,45.0,0
246.75700597956686,245.77,35658.0,101,45.0,0
250.85812723529608,249.88,35619.0,100,47.0,0
254.44649732311112,253.69,34097.0,100,51.0,0
256.08440014963816,255.57,32405.0,100,53.0,0
255.2973952080201,254.68,31958.0,102,53.0,0
253.35145549216804,252.56,33591.0,100,51.0,0
250.55526336519057,249.59,31157.0,102,51.0,0
244.7600457591067,243.4,30235.0,102,49.0,0
237.787047586701,236.38,29472.0,100,46.0,0
233.137169923631,231.91,29438.0,100,46.0,0
229.5881094482029,228.65,27689.0,100,48.0,0
226.6008826108142,225.98,29708.0,101,48.0,0
224.30626384477097,223.89,30825.0,101,48.0,0
226.689567470583,226.1,32016.0,100,49.0,0
230.34921315255235,229.62,31601.0,102,50.0,0
232.33966514566555,231.6,29581.0,104,47.0,0
233.06342484396816,232.36,30622.0,102,46.0,0
234.80953984027138,234.3,31327.0,104,46.0,0
234.8484191984268,234.35,29067.0,103,46.0,0
232.26803482184113,231.46,29448.0,102,48.0,0
227.5089888334085,226.23,28779.0,103,49.0,0
223.67677572783458,222.33,28415.0,99,49.0,0
223.7765850128203,222.42,31407.0,100,46.0,0
223.6550021796964,222.3,31624.0,100,43.0,0
225.8597352340607,224.17,32669.0,99,43.0,0
231.12377636236388,228.7,34460.0,98,46.0,0
237.59305545406835,234.53,34230.0,101,49.0,0
244.40098199475386,241.02,33853.0,101,50.0,0
249.94059294160283,246.85,35063.0,102,51.0,0
254.53616638898293,252.11,36413.0,104,52.0,0
258.7615504668342,257.29,37479.0,104,52.0,0
260.6906595948539,259.65,36139.0,105,51.0,0
259.7107236908018,258.55,33759.0,103,51.0,0
256.7071872776452,255.29,32246.0,105,51.0,0
250.88734523686125,249.23,31912.0,105,51.0,0
243.42957913942996,241.9,30656.0,104,51.0,0
235.066628852332,233.86,31108.0,99,50.0,0
297.85889276635675,297.12,40496.0,91,45.0,1
296.8101413361747,296.07,39043.0,90,45.0,1
296.1139983182153,295.41,37102.0,89,46.0,1
292.75812542096935,292.24,37360.0,91,54.0,1
289.98796526752625,289.69,38033.0,93,55.0,1
293.0018088681365,292.63,40647.0,94,54.0,1
294.44863728670913,294.04,40600.0,95,50.0,1
294.47010034976387,294.06,41828.0,98,47.0,1
296.8048180201932,296.43,43907.0,98,48.0,1
303.16437785465496,302.88,44660.0,98,49.0,1
308.7348052941229,308.33,43171.0,95,49.0,1
313.7839384034817,313.36,42626.0,93,49.0,1
314.89020308672673,314.48,43385.0,93,47.0,1
318.5360890071955,318.14,46561.0,94,47.0,1
323.8070721895987,323.29,47518.0,95,47.0,1
327.6195049138558,327.01,45780.0,94,48.0,1
330.4971709409931,329.93,47116.0,93,48.0,1
334.9089727075105,334.51,48472.0,95,49.0,1
339.4874371755161,339.22,47134.0,97,50.0,1
342.0213443631844,341.78,46015.0,97,48.0,1
343.3988934169707,343.14,48234.0,99,50.0,1
344.36779756533565,344.11,48988.0,101,51.0,1
346.57867793619386,346.45,47701.0,102,51.0,1
346.84503744467787,346.74,44619.0,98,51.0,1
344.54305971823027,344.42,43367.0,98,50.0,1
342.62405052768844,342.5,45329.0,100,49.0,1
341.52259076084556,341.36,44435.0,103,48.0,1
337.9581926806924,337.63,43832.0,102,48.0,1
335.47622866605616,335.15,46079.0,100,48.0,1
334.1354216481695,333.86,45794.0,100,52.0,1
332.3036864074788,332.09,44032.0,99,52.0,1
330.5548063483573,330.38,43490.0,98,52.0,1
329.8014554243204,329.64,46207.0,97,51.0,1
328.9778108018837,328.82,47524.0,101,51.0,1
329.76388522699085,329.59,49145.0,99,50.0,1
328.3075692091183,328.11,46413.0,97,50.0,1
326.34255009115805,326.09,47235.0,94,53.0,1
328.82618508871826,328.63,47712.0,94,53.0,1
331.6146257329432,331.35,47618.0,94,49.0,1
332.6125373463845,332.31,46569.0,96,48.0,1
333.2469054620013,332.93,47143.0,97,48.0,1
333.900284516201,333.58,47022.0,98,53.0,1
335.42817412972335,335.09,45374.0,95,54.0,1
337.08749605999924,336.75,45170.0,94,54.0,1
336.0903449966988,335.74,43614.0,94,54.0,1
336.4822134972367,336.16,45442.0,97,49.0,1
340.16719418544756,339.98,47807.0,100,46.0,1
343.41094915567265,343.18,49241.0,102,47.0,1
347.34297171527743,346.83,47030.0,100,47.0,1
350.05173903296065,349.43,47204.0,101,48.0,1
350.7967217634737,350.17,45033.0,98,50.0,1
351.17049989997736,350.56,46544.0,99,51.0,1
350.762968398889,350.13,46630.0,100,51.0,1
347.0292783037189,346.1,45246.0,102,51.0,1
341.6284531475679,339.82,44524.0,102,51.0,1
335.8700046148807,333.05,43426.0,100,51.0,1
327.81107363846024,324.17,38765.0,97,51.0,1
318.6294399455267,314.8,37405.0,97,51.0,1
305.72831075973323,302.56,38039.0,97,50.0,1
293.79683456429547,291.37,37126.0,96,47.0,1
285.8839974535126,284.05,40138.0,99,47.0,1
279.9245612660668,278.68,38332.0,97,49.0,1
275.4776578962439,274.87,38105.0,97,51.0,1
274.1330698766568,273.63,38432.0,94,51.0,1
276.8663215344185,276.36,40129.0,94,51.0,1
280.42596170825556,280.0,40335.0,93,51.0,1
285.93786038228654,285.49,43105.0,96,51.0,1
289.99441373929943,289.52,41978.0,95,52.0,1
293.91226582094185,293.49,41865.0,95,52.0,1
299.27679495744405,298.96,42310.0,94,52.0,1
303.2055408464694,302.96,40616.0,94,51.0,1
305.9008009142833,305.69,41146.0,95,50.0,1
308.51764941409755,308.23,43660.0,97,48.0,1
314.487742209454,314.03,46207.0,96,45.0,1
321.14177554469615,320.52,45083.0,96,46.0,1
327.61077515857136,327.01,45476.0,96,47.0,1
331.5831419116479,330.97,42531.0,95,46.0,1
337.0608550395611,336.39,44609.0,94,44.0,1
341.63483428947933,341.08,42905.0,95,44.0,1
342.5928779177991,342.06,43079.0,96,44.0,1
339.9099880850811,339.02,43205.0,95,45.0,1
339.4169707012306,338.48,43701.0,94,45.0,1
338.4509417921599,337.46,44092.0,94,46.0,1
337.595171766422,336.63,41372.0,92,46.0,1
335.889237696,334.97,44879.0,94,46.0,1
337.68870280185564,336.63,46973.0,97,47.0,1
341.69269819532286,340.31,47876.0,96,47.0,1
343.9121108655524,342.33,46596.0,99,47.0,1
345.39753907635185,343.75,48436.0,99,49.0,1
347.9093560110162,346.32,49387.0,100,51.0,1
353.61493181142674,352.62,50173.0,99,51.0,1
