Time_s,Raw_EMG,Envelope_EMG,label
0.0004,112.0,332.0,0
0.0006,-259.0,336.0,0
0.0008,-58.0,336.0,0
0.0009,182.0,338.0,0
0.001,1.0,336.0,0
0.0012,-161.0,338.0,0
0.0013,6.0,334.0,0
0.0015,156.0,336.0,0
0.0016,-1.0,336.0,0
0.0018,-143.0,336.0,0
0.0019,37.0,334.0,0
0.002,166.0,338.0,0
0.0022,-61.0,334.0,0
0.0024,-225.0,334.0,0
0.0025,-12.0,330.0,0
0.0027,228.0,330.0,0
0.0028,146.0,328.0,0
0.003,-126.0,326.0,0
0.0031,-209.0,326.0,0
0.0033,6.0,326.0,0
0.0034,150.0,324.0,0
0.0035,-3.0,322.0,0
0.0037,-74.0,318.0,0
0.0038,119.0,318.0,0
0.004,98.0,314.0,0
0.0041,-198.0,314.0,0
0.0043,-176.0,310.0,0
0.0044,130.0,310.0,0
0.0046,177.0,308.0,0
0.0047,5.0,306.0,0
0.0048,-99.0,306.0,0
0.005,-78.0,304.0,0
0.0051,59.0,302.0,0
0.0052,90.0,302.0,0
0.0057,-103.0,302.0,0
0.0062,-98.0,304.0,0
0.0064,156.0,304.0,0
0.0065,73.0,302.0,0
0.0068,-139.0,302.0,0
0.0069,69.0,298.0,0
0.0071,82.0,296.0,0
0.0073,-310.0,294.0,0
0.0075,-69.0,292.0,0
0.0077,497.0,294.0,0
0.0078,107.0,294.0,0
0.008,-517.0,300.0,0
0.0081,-123.0,300.0,0
0.0083,402.0,306.0,0
0.0084,82.0,306.0,0
0.0086,-252.0,310.0,0
0.0087,-27.0,310.0,0
0.0089,143.0,310.0,0
0.009,23.0,308.0,0
0.0091,-69.0,306.0,0
0.0093,-62.0,304.0,0
0.0094,-16.0,300.0,0
0.0095,85.0,300.0,0
0.0097,87.0,296.0,0
0.0099,-71.0,298.0,0
0.01,-74.0,296.0,0
0.0101,45.0,296.0,0
0.0103,-23.0,296.0,0
0.0104,-14.0,296.0,0
0.0105,150.0,298.0,0
0.0107,-14.0,294.0,0
0.0109,-246.0,298.0,0
0.011,7.0,292.0,0
0.0111,282.0,294.0,0
0.0112,49.0,290.0,0
0.0115,-261.0,292.0,0
0.0121,-116.0,292.0,0
0.0123,203.0,292.0,0
0.0125,137.0,294.0,0
0.0126,-125.0,292.0,0
0.0128,-91.0,292.0,0
0.0129,48.0,286.0,0
0.013,-2.0,284.0,0
0.0132,-3.0,276.0,0
0.0133,87.0,278.0,0
0.0134,7.0,276.0,0
0.0135,-105.0,276.0,0
0.0137,-31.0,274.0,0
0.0138,56.0,274.0,0
0.014,14.0,266.0,0
0.0141,-4.0,266.0,0
0.0142,60.0,258.0,0
0.0143,-4.0,258.0,0
0.0146,-111.0,254.0,0
0.0147,1.0,254.0,0
0.0149,54.0,252.0,0
0.015,-54.0,250.0,0
0.0151,64.0,250.0,0
0.0153,139.0,248.0,0
0.0154,-149.0,248.0,0
0.0156,-157.0,246.0,0
0.0157,185.0,244.0,0
0.0158,99.0,244.0,0
0.016,-197.0,242.0,0
0.0161,-55.0,242.0,0
0.0163,160.0,242.0,0
0.0164,40.0,242.0,0
0.0165,-65.0,244.0,0
0.0167,24.0,242.0,0
0.0169,-12.0,240.0,0
0.0171,-149.0,238.0,0
0.0174,-7.0,238.0,0
0.0177,217.0,236.0,0
0.0178,84.0,236.0,0
0.0181,-143.0,234.0,0
0.0182,-91.0,236.0,0
0.0184,-8.0,232.0,0
0.0186,-3.0,230.0,0
0.0188,113.0,228.0,0
0.019,92.0,226.0,0
0.0193,-136.0,226.0,0
0.0195,-105.0,226.0,0
0.0197,121.0,226.0,0
0.0199,71.0,228.0,0
0.0201,-105.0,226.0,0
0.0203,-30.0,224.0,0
0.0206,97.0,224.0,0
0.0207,-5.0,220.0,0
0.0209,-111.0,222.0,0
0.021,25.0,216.0,0
0.0212,141.0,216.0,0
0.0213,-34.0,212.0,0
0.0215,-154.0,212.0,0
0.0216,70.0,208.0,0
0.0218,148.0,208.0,0
0.0219,-150.0,206.0,0
0.0221,-154.0,208.0,0
0.0222,226.0,208.0,0
0.0224,156.0,212.0,0
0.0225,-240.0,212.0,0
0.0227,-100.0,214.0,0
0.0228,204.0,214.0,0
0.0229,2.0,214.0,0
0.0231,-174.0,216.0,0
0.0232,50.0,216.0,0
0.0234,148.0,214.0,0
0.0237,-29.0,214.0,0
0.0239,-96.0,212.0,0
0.024,37.0,212.0,0
0.0243,91.0,210.0,0
0.0247,-148.0,210.0,0
0.0249,-210.0,212.0,0
0.025,259.0,212.0,0
0.0252,354.0,218.0,0
0.0255,-240.0,220.0,0
0.0257,-354.0,226.0,0
0.0258,127.0,226.0,0
0.026,186.0,226.0,0
0.0261,-28.0,226.0,0
0.0263,22.0,224.0,0
0.0264,-23.0,220.0,0
0.0266,-169.0,222.0,0
0.0267,39.0,220.0,0
0.0268,235.0,222.0,0
0.027,-6.0,222.0,0
0.0271,-208.0,224.0,0
0.0273,-45.0,224.0,0
0.0274,86.0,224.0,0
0.0275,31.0,222.0,0
0.0276,44.0,222.0,0
0.0278,51.0,220.0,0
0.0279,-85.0,220.0,0
0.0281,-108.0,220.0,0
0.0282,50.0,218.0,0
0.0283,97.0,220.0,0
0.0284,-21.0,214.0,0
0.0286,-79.0,214.0,0
0.0287,28.0,208.0,0
0.0288,95.0,208.0,0
0.029,-39.0,200.0,0
0.0291,-115.0,200.0,0
0.0293,42.0,194.0,0
0.0295,111.0,194.0,0
0.0297,-53.0,192.0,0
0.0299,-137.0,194.0,0
0.0301,66.0,192.0,0
0.0303,239.0,196.0,0
0.0305,-51.0,194.0,0
0.0307,-338.0,200.0,0
0.031,20.0,200.0,0
0.0312,327.0,204.0,0
0.0314,-20.0,202.0,0
0.0315,-228.0,204.0,0
0.0316,68.0,204.0,0
0.0318,147.0,206.0,0
0.0319,-129.0,208.0,0
0.0321,-133.0,210.0,0
0.0322,159.0,210.0,0
0.0324,152.0,212.0,0
0.0325,-151.0,210.0,0
0.0329,-155.0,212.0,0
0.0332,141.0,210.0,0
0.0334,137.0,212.0,0
0.0337,-161.0,210.0,0
0.034,-133.0,210.0,0
0.0341,194.0,210.0,0
0.0343,141.0,210.0,0
0.0344,-193.0,212.0,0
0.0346,-109.0,212.0,0
0.0347,149.0,214.0,0
0.0348,17.0,214.0,0
0.035,-102.0,216.0,0
0.0351,85.0,216.0,0
0.0352,74.0,216.0,0
0.0354,-140.0,216.0,0
0.0356,-50.0,218.0,0
0.0358,137.0,218.0,0
0.036,25.0,218.0,0
0.0362,-103.0,220.0,0
0.0364,-23.0,220.0,0
0.0365,53.0,220.0,0
0.0367,71.0,220.0,0
0.0369,16.0,220.0,0
0.037,-160.0,222.0,0
0.0372,-88.0,222.0,0
0.0373,242.0,224.0,0
0.0375,123.0,224.0,0
0.0376,-277.0,226.0,0
0.0378,-114.0,226.0,0
0.0379,236.0,226.0,0
0.0381,82.0,226.0,0
0.0382,-127.0,226.0,0
0.0384,-28.0,224.0,0
0.0385,17.0,222.0,0
0.0387,-34.0,222.0,0
0.0388,11.0,222.0,0
0.0389,50.0,222.0,0
0.039,42.0,222.0,0
0.0392,23.0,220.0,0
0.0393,-95.0,222.0,0
0.0395,-139.0,220.0,0
0.0396,65.0,220.0,0
0.0397,182.0,222.0,0
0.0399,9.0,220.0,0
0.04,-103.0,222.0,0
0.0402,-15.0,222.0,0
0.0403,-9.0,220.0,0
0.0404,-70.0,220.0,0
0.0406,27.0,218.0,0
0.0407,155.0,218.0,0
0.0408,57.0,218.0,0
0.041,-160.0,218.0,0
0.0411,-131.0,220.0,0
0.0413,95.0,220.0,0
0.0414,108.0,220.0,0
0.0416,-23.0,220.0,0
0.0417,-15.0,220.0,0
0.0419,-13.0,220.0,0
0.0421,-64.0,218.0,0
0.0423,20.0,218.0,0
0.0425,96.0,216.0,0
0.0426,-18.0,216.0,0
0.0429,-96.0,216.0,0
0.043,6.0,212.0,0
0.0431,83.0,212.0,0
0.0433,24.0,208.0,0
0.0434,-51.0,208.0,0
0.0436,-60.0,204.0,0
0.0437,6.0,202.0,0
0.0438,76.0,200.0,0
0.0439,19.0,202.0,0
0.0441,-77.0,200.0,0
0.0442,-7.0,198.0,0
0.0444,85.0,198.0,0
0.0445,-13.0,198.0,0
0.0447,-89.0,198.0,0
0.0448,7.0,198.0,0
0.0449,51.0,196.0,0
0.045,15.0,194.0,0
0.0451,30.0,192.0,0
0.0453,-14.0,188.0,0
0.0454,-98.0,184.0,0
0.0456,-17.0,180.0,0
0.0457,86.0,176.0,0
0.0458,29.0,174.0,0
0.046,-9.0,172.0,0
0.0461,24.0,172.0,0
0.0462,-47.0,172.0,0
0.0464,-112.0,174.0,0
0.0465,56.0,172.0,0
0.0467,172.0,174.0,0
0.0468,-53.0,170.0,0
0.047,-183.0,174.0,0
0.0472,50.0,172.0,0
0.0474,150.0,172.0,0
0.0476,-28.0,172.0,0
0.0478,-72.0,172.0,0
0.048,7.0,172.0,0
0.0482,-29.0,172.0,0
0.0484,-15.0,170.0,0
0.0485,97.0,170.0,0
0.0487,19.0,170.0,0
0.0489,-120.0,170.0,0
0.049,17.0,170.0,0
0.0492,132.0,172.0,0
0.0493,-67.0,172.0,0
0.0495,-141.0,172.0,0
0.0496,73.0,172.0,0
0.0497,125.0,174.0,0
0.0499,-26.0,172.0,0
0.05,-88.0,172.0,0
0.0502,-34.0,172.0,0
0.0503,48.0,170.0,0
0.0504,64.0,170.0,0
0.0506,-17.0,168.0,0
0.0507,-45.0,168.0,0
0.0509,12.0,162.0,0
0.051,-12.0,162.0,0
0.0511,-46.0,158.0,0
0.0513,74.0,158.0,0
0.0514,90.0,156.0,0
0.0516,-103.0,156.0,0
0.0517,-86.0,156.0,0
0.0518,101.0,156.0,0
0.052,35.0,154.0,0
0.0521,-91.0,152.0,0
0.0522,-9.0,150.0,0
0.0524,71.0,150.0,0
0.0525,31.0,148.0,0
0.0526,-25.0,146.0,0
0.0528,-45.0,144.0,0
0.0529,-18.0,142.0,0
0.0531,17.0,140.0,0
0.0532,18.0,138.0,0
0.0534,18.0,136.0,0
0.0535,15.0,132.0,0
0.0537,-29.0,132.0,0
0.0541,-54.0,130.0,0
0.0544,14.0,130.0,0
0.0545,80.0,130.0,0
0.0546,9.0,128.0,0
0.0548,-83.0,128.0,0
0.0549,-24.0,126.0,0
0.0551,65.0,126.0,0
0.0552,22.0,126.0,0
0.0554,-56.0,126.0,0
0.0555,-18.0,124.0,0
0.0557,78.0,126.0,0
0.0558,25.0,124.0,0
0.056,-104.0,126.0,0
0.0561,-31.0,126.0,0
0.0562,98.0,124.0,0
0.0563,10.0,124.0,0
0.0565,-78.0,120.0,0
0.0566,25.0,120.0,0
0.0567,75.0,116.0,0
0.0569,-41.0,114.0,0
0.057,-72.0,112.0,0
0.0571,45.0,112.0,0
0.0573,45.0,110.0,0
0.0574,-80.0,112.0,0
0.0576,-13.0,112.0,0
0.0577,145.0,112.0,0
0.0578,1.0,112.0,0
0.058,-185.0,114.0,0
0.0581,-7.0,114.0,0
0.0582,147.0,116.0,0
0.0583,6.0,114.0,0
0.0585,-42.0,114.0,0
0.0586,27.0,112.0,0
0.0587,-62.0,110.0,0
0.0589,-83.0,112.0,0
0.059,114.0,112.0,0
0.0591,111.0,114.0,0
0.0593,-130.0,116.0,0
0.0594,-91.0,116.0,0
0.0596,150.0,118.0,0
0.0597,64.0,116.0,0
0.0599,-170.0,118.0,0
0.06,-62.0,116.0,0
0.0601,169.0,118.0,0
0.0603,71.0,116.0,0
0.0604,-157.0,118.0,0
0.0607,-81.0,118.0,0
0.0609,149.0,120.0,0
0.0611,107.0,122.0,0
0.0614,-133.0,124.0,0
0.0616,-126.0,124.0,0
0.0617,98.0,124.0,0
0.0618,98.0,126.0,0
0.062,-73.0,126.0,0
0.0621,-40.0,126.0,0
0.0622,89.0,126.0,0
0.0624,19.0,126.0,0
0.0625,-135.0,128.0,0
0.0626,-61.0,128.0,0
0.0628,173.0,130.0,0
0.0629,122.0,130.0,0
0.0631,-182.0,134.0,0
0.0633,-140.0,134.0,0
0.0635,171.0,138.0,0
0.0636,103.0,138.0,0
0.0638,-158.0,140.0,0
0.064,-56.0,140.0,0
0.0642,153.0,142.0,0
0.0644,37.0,142.0,0
0.0647,-145.0,144.0,0
0.0648,-41.0,144.0,0
0.065,131.0,146.0,0
0.0651,42.0,144.0,0
0.0653,-116.0,146.0,0
0.0654,-32.0,146.0,0
0.0656,96.0,146.0,0
0.0657,14.0,146.0,0
0.0659,-71.0,146.0,0
0.0661,7.0,146.0,0
0.0664,73.0,146.0,0
0.0667,-15.0,146.0,0
0.067,-117.0,144.0,0
0.0671,-3.0,144.0,0
0.0702,158.0,142.0,0
0.0751,29.0,142.0,0
0.0803,-153.0,142.0,0
0.0854,-24.0,142.0,0
0.0906,125.0,144.0,0
0.0952,-16.0,144.0,0
0.1001,-122.0,146.0,0
0.1051,42.0,146.0,0
0.1102,138.0,146.0,0
0.1154,-10.0,146.0,0
0.1205,-122.0,146.0,0
0.1252,-47.0,146.0,0
0.1302,59.0,146.0,0
0.135,69.0,146.0,0
0.1401,-1.0,144.0,0
0.1452,-53.0,142.0,0
0.1501,-12.0,142.0,0
0.1552,35.0,142.0,0
0.1602,0.0,140.0,0
0.1651,-14.0,140.0,0
0.1701,35.0,140.0,0
0.1754,-11.0,138.0,0
0.1801,-92.0,140.0,0
0.1851,7.0,140.0,0
0.1902,121.0,140.0,0
0.1951,30.0,142.0,0
0.2,-76.0,142.0,0
0.2052,-46.0,142.0,0
0.2101,7.0,140.0,0
0.2151,10.0,138.0,0
0.2201,8.0,138.0,0
0.2252,35.0,136.0,0
0.2303,25.0,136.0,0
0.2352,-46.0,136.0,0
0.2403,-56.0,136.0,0
0.2451,37.0,136.0,0
0.2502,72.0,136.0,0
0.2552,-33.0,136.0,0
0.2602,-93.0,136.0,0
0.2653,15.0,136.0,0
0.2704,107.0,138.0,0
0.2751,34.0,138.0,0
0.2801,-82.0,140.0,0
0.2852,-92.0,140.0,0
0.2905,19.0,140.0,0
0.2953,125.0,142.0,0
0.3001,33.0,142.0,0
0.3051,-140.0,142.0,0
0.3101,-26.0,144.0,0
0.315,158.0,144.0,0
0.3203,-29.0,144.0,0
0.3252,-165.0,146.0,0
0.33,76.0,146.0,0
0.335,143.0,148.0,0
0.3401,-81.0,150.0,0
0.3451,-121.0,150.0,0
0.3502,46.0,150.0,0
0.3552,140.0,150.0,0
0.36,10.0,150.0,0
0.3651,-169.0,152.0,0
0.3702,-56.0,152.0,0
0.3759,148.0,154.0,0
0.3801,40.0,154.0,0
0.3855,-82.0,154.0,0
0.39,28.0,154.0,0
0.3951,19.0,152.0,0
0.4001,-58.0,152.0,0
0.4054,37.0,152.0,0
0.4101,-16.0,152.0,0
0.4151,-118.0,154.0,0
0.42,134.0,154.0,0
0.4251,200.0,156.0,0
0.4302,-175.0,156.0,0
0.4351,-201.0,160.0,0
0.4401,120.0,158.0,0
0.4451,89.0,160.0,0
0.4501,-50.0,160.0,0
0.4551,58.0,160.0,0
0.4601,21.0,160.0,0
0.4654,-144.0,162.0,0
0.4702,-28.0,160.0,0
0.4751,148.0,160.0,0
0.4801,63.0,160.0,0
0.4852,-101.0,160.0,0
0.4902,-129.0,160.0,0
0.4951,29.0,158.0,0
0.5003,183.0,158.0,0
0.5051,44.0,158.0,0
0.5101,-165.0,158.0,0
0.5153,-65.0,158.0,0
0.5202,86.0,158.0,0
0.5251,7.0,156.0,0
0.5301,-24.0,154.0,0
0.535,85.0,154.0,0
0.5401,18.0,152.0,0
0.5453,-124.0,152.0,0
0.5502,-23.0,150.0,0
0.5552,76.0,150.0,0
0.5601,-17.0,150.0,0
0.5651,10.0,150.0,0
0.5701,103.0,150.0,0
0.5752,-63.0,150.0,0
0.5803,-180.0,150.0,0
0.5852,66.0,150.0,0
0.59,196.0,152.0,0
0.5954,-53.0,150.0,0
0.6002,-153.0,150.0,0
0.6051,43.0,148.0,0
0.6101,101.0,146.0,0
0.6151,-21.0,146.0,0
0.62,-60.0,144.0,0
0.625,-9.0,144.0,0
0.6302,26.0,142.0,0
0.6351,18.0,142.0,0
0.6401,-25.0,140.0,0
0.6451,-19.0,138.0,0
0.6501,65.0,138.0,0
0.655,52.0,138.0,0
0.6602,-78.0,138.0,0
0.6651,-91.0,138.0,0
0.6702,18.0,138.0,0
0.6751,68.0,138.0,0
0.6801,44.0,138.0,0
0.6852,0.0,138.0,0
0.6905,-24.0,136.0,0
0.6951,-11.0,136.0,0
0.7001,-42.0,136.0,0
0.705,-69.0,136.0,0
0.7101,57.0,134.0,0
0.7152,151.0,136.0,0
0.7201,7.0,134.0,0
0.7251,-138.0,136.0,0
0.7301,-77.0,136.0,0
0.735,34.0,136.0,0
0.7402,63.0,134.0,0
0.7454,67.0,136.0,0
0.75,39.0,134.0,0
0.7551,-84.0,134.0,0
0.7603,-137.0,136.0,0
0.7651,32.0,134.0,0
0.7701,152.0,136.0,0
0.7753,14.0,136.0,0
0.7801,-107.0,138.0,0
0.7851,-19.0,136.0,0
0.7901,58.0,138.0,0
0.7951,3.0,136.0,0
0.8001,-20.0,138.0,0
0.8052,21.0,138.0,0
0.8102,-16.0,136.0,0
0.8151,-54.0,138.0,0
0.8201,46.0,136.0,0
0.8251,77.0,138.0,0
0.8306,-57.0,138.0,0
0.8352,-57.0,138.0,0
0.8401,69.0,138.0,0
0.845,-1.0,136.0,0
0.85,-98.0,138.0,0
0.855,50.0,138.0,0
0.8603,115.0,140.0,0
0.8651,-57.0,140.0,0
0.8701,-77.0,142.0,0
0.8751,49.0,142.0,0
0.88,0.0,140.0,0
0.8853,-68.0,142.0,0
0.8902,36.0,140.0,0
0.8951,93.0,142.0,0
0.9001,6.0,140.0,0
0.9051,-58.0,140.0,0
0.91,-64.0,140.0,0
0.9151,-42.0,140.0,0
0.9203,46.0,140.0,0
0.9252,126.0,140.0,0
0.9301,62.0,140.0,0
0.9351,-103.0,140.0,0
0.9401,-175.0,142.0,0
0.9452,-21.0,140.0,0
0.9501,182.0,144.0,0
0.9552,136.0,144.0,0
0.9601,-79.0,144.0,0
0.9651,-136.0,144.0,0
0.9701,-23.0,142.0,0
0.9753,32.0,140.0,0
0.9802,34.0,140.0,0
0.9851,68.0,140.0,0
0.99,36.0,140.0,0
0.995,-77.0,138.0,0
1.0001,-120.0,140.0,0
1.0054,-16.0,138.0,0
1.0101,145.0,138.0,0
1.0152,133.0,138.0,0
1.02,-81.0,140.0,0
1.0251,-157.0,140.0,0
1.0301,-8.0,140.0,0
1.035,62.0,140.0,0
1.0402,42.0,140.0,0
1.0451,52.0,140.0,0
1.0501,-31.0,140.0,0
1.055,-96.0,140.0,0
1.0603,35.0,140.0,0
1.0652,88.0,138.0,0
1.0701,-48.0,136.0,0
1.0751,-79.0,134.0,0
1.08,20.0,132.0,0
1.0853,58.0,132.0,0
1.0905,44.0,132.0,0
1.0951,2.0,130.0,0
1.1,-89.0,132.0,0
1.1051,-78.0,130.0,0
1.1101,71.0,132.0,0
1.1154,110.0,130.0,0
1.1202,-4.0,130.0,0
1.1253,-78.0,130.0,0
1.1301,-66.0,128.0,0
1.135,10.0,128.0,0
1.1401,96.0,126.0,0
1.1451,32.0,126.0,0
1.1502,-66.0,124.0,0
1.1558,-8.0,124.0,0
1.1602,-3.0,122.0,0
1.1652,-71.0,124.0,0
1.1703,68.0,124.0,0
1.1754,140.0,126.0,0
1.1806,-100.0,126.0,0
1.185,-143.0,126.0,0
1.1901,102.0,128.0,0
1.1952,78.0,128.0,0
1.2004,-88.0,130.0,0
1.2061,0.0,130.0,0
1.2106,68.0,128.0,0
1.2153,-37.0,128.0,0
1.2202,-46.0,126.0,0
1.2252,22.0,126.0,0
1.2315,10.0,122.0,0
1.2352,-4.0,122.0,0
1.2402,33.0,120.0,0
1.2451,33.0,120.0,0
1.2501,-37.0,118.0,0
1.2551,-93.0,120.0,0
1.2608,-25.0,120.0,0
1.2652,118.0,120.0,0
1.2709,101.0,122.0,0
1.2752,-88.0,124.0,0
1.2801,-118.0,124.0,0
1.2852,57.0,126.0,0
1.2907,79.0,126.0,0
1.2951,-74.0,126.0,0
1.3001,-47.0,126.0,0
1.305,114.0,126.0,0
1.31,55.0,126.0,0
1.3156,-125.0,128.0,0
1.3206,-79.0,128.0,0
1.3256,102.0,130.0,0
1.3306,73.0,130.0,0
1.3352,-76.0,132.0,0
1.3402,-17.0,130.0,0
1.3455,72.0,130.0,0
1.3506,-58.0,130.0,0
1.355,-71.0,130.0,0
1.3601,94.0,130.0,0
1.3652,35.0,130.0,0
1.3702,-70.0,130.0,0
1.3751,41.0,130.0,0
1.3807,19.0,128.0,0
1.385,-114.0,130.0,0
1.3902,20.0,128.0,0
1.3952,144.0,130.0,0
1.4003,-32.0,128.0,0
1.4058,-111.0,130.0,0
1.4107,31.0,128.0,0
1.4153,39.0,128.0,0
1.42,-33.0,126.0,0
1.4252,7.0,126.0,0
1.4304,23.0,126.0,0
1.4352,-5.0,126.0,0
1.4404,4.0,126.0,0
1.4456,-19.0,126.0,0
1.4502,-11.0,126.0,0
1.4551,48.0,126.0,0
1.4605,-24.0,126.0,0
1.4652,-82.0,126.0,0
1.47,74.0,126.0,0
1.475,113.0,126.0,0
1.4802,-99.0,128.0,0
1.4851,-123.0,128.0,0
1.4908,76.0,128.0,0
1.496,89.0,130.0,0
1.5006,-22.0,128.0,0
1.5052,-16.0,128.0,0
1.5101,-29.0,126.0,0
1.5153,-56.0,126.0,0
1.5207,67.0,128.0,0
1.5256,100.0,128.0,0
1.53,-79.0,128.0,0
1.5355,-115.0,130.0,0
1.5404,51.0,130.0,0
1.5457,87.0,130.0,0
1.5505,-1.0,130.0,0
1.5556,-2.0,128.0,0
1.5602,-22.0,128.0,0
1.5651,-89.0,128.0,0
1.5702,4.0,126.0,0
1.5755,112.0,126.0,0
1.5801,21.0,124.0,0
1.5851,-58.0,126.0,0
1.5902,-28.0,122.0,0
1.5953,-21.0,120.0,0
1.6003,10.0,120.0,0
1.6073,80.0,118.0,0
1.61,33.0,120.0,0
1.6156,-89.0,120.0,0
1.6202,-88.0,120.0,0
1.6252,43.0,120.0,0
1.6306,105.0,122.0,0
1.6357,22.0,120.0,0
1.6401,-53.0,120.0,0
1.6452,-55.0,120.0,0
1.6502,-31.0,118.0,0
1.6553,31.0,116.0,0
1.6607,80.0,116.0,0
1.6655,18.0,114.0,0
1.6701,-46.0,116.0,0
1.6751,-46.0,114.0,0
1.6802,-44.0,114.0,0
1.6853,39.0,114.0,0
1.6904,138.0,116.0,0
1.695,-31.0,116.0,0
1.7001,-206.0,118.0,0
1.7052,46.0,118.0,0
1.7102,247.0,120.0,0
1.7155,-70.0,120.0,0
1.7208,-246.0,124.0,0
1.7255,85.0,124.0,0
1.7302,207.0,126.0,0
1.7354,-89.0,128.0,0
1.7402,-174.0,130.0,0
1.7456,76.0,130.0,0
1.7505,184.0,132.0,0
1.756,-44.0,130.0,0
1.7602,-232.0,134.0,0
1.768,6.0,132.0,0
1.7702,270.0,136.0,0
1.7756,12.0,136.0,0
1.7801,-261.0,138.0,0
1.7853,12.0,138.0,0
1.7901,221.0,140.0,0
1.795,-78.0,142.0,0
1.8004,-197.0,144.0,0
1.8052,139.0,146.0,0
1.8106,187.0,148.0,0
1.8152,-157.0,148.0,0
1.8203,-162.0,148.0,0
1.825,140.0,148.0,0
1.8307,121.0,150.0,0
1.8352,-117.0,150.0,0
1.8401,-99.0,150.0,0
1.8455,97.0,152.0,0
1.8502,103.0,152.0,0
1.855,-71.0,152.0,0
1.8608,-108.0,154.0,0
1.8654,46.0,154.0,0
1.87,97.0,156.0,0
1.875,-48.0,156.0,0
1.8802,-93.0,156.0,0
1.8851,84.0,158.0,0
1.8905,110.0,158.0,0
1.8957,-123.0,160.0,0
1.9,-123.0,160.0,0
1.9052,138.0,162.0,0
1.9102,119.0,162.0,0
1.9157,-132.0,162.0,0
1.9204,-123.0,162.0,0
1.9251,111.0,162.0,0
1.9313,145.0,164.0,0
1.9353,-68.0,164.0,0
1.9402,-154.0,166.0,0
1.9453,20.0,164.0,0
1.9506,133.0,166.0,0
1.9562,7.0,164.0,0
1.9603,-95.0,164.0,0
1.9651,0.0,162.0,0
1.9702,67.0,162.0,0
1.9755,-33.0,162.0,0
1.9803,-69.0,162.0,0
1.9852,69.0,162.0,0
1.9902,95.0,162.0,0
1.9952,-89.0,164.0,0
2.0001,-109.0,164.0,0
2.006,109.0,164.0,0
2.01,88.0,164.0,0
2.0156,-143.0,166.0,0
2.0202,-57.0,166.0,0
2.0252,166.0,168.0,0
2.0305,41.0,168.0,0
2.0359,-142.0,168.0,0
2.04,-39.0,168.0,0
2.0452,89.0,168.0,0
2.0502,40.0,168.0,0
2.0558,-47.0,168.0,0
2.0604,-55.0,168.0,0
2.0651,29.0,168.0,0
2.0705,94.0,170.0,0
2.0754,-21.0,170.0,0
2.0803,-145.0,172.0,0
2.0852,15.0,172.0,0
2.0907,172.0,174.0,0
2.0955,-9.0,174.0,0
2.1002,-155.0,176.0,0
2.105,0.0,174.0,0
2.1102,120.0,176.0,0
2.1151,9.0,174.0,0
2.121,-112.0,174.0,0
2.1256,-29.0,172.0,0
2.1302,136.0,174.0,0
2.1351,68.0,174.0,0
2.1404,-146.0,176.0,0
2.1459,-108.0,176.0,0
2.1502,120.0,178.0,0
2.1552,143.0,180.0,0
2.1601,-76.0,180.0,0
2.1651,-181.0,180.0,0
2.1701,22.0,180.0,0
2.1751,197.0,182.0,0
2.1802,30.0,180.0,0
2.1853,-156.0,182.0,0
2.1903,-58.0,182.0,0
2.1951,63.0,184.0,0
2.2001,32.0,184.0,0
2.2053,46.0,184.0,0
2.2101,61.0,184.0,0
2.2151,-122.0,184.0,0
2.2201,-178.0,186.0,0
2.225,130.0,188.0,0
2.2301,232.0,192.0,0
2.2352,-97.0,192.0,0
2.2403,-184.0,196.0,0
2.2451,88.0,196.0,0
2.2502,89.0,196.0,0
2.2552,-125.0,196.0,0
2.2604,-32.0,196.0,0
2.265,161.0,198.0,0
2.27,44.0,196.0,0
2.275,-138.0,198.0,0
2.28,-89.0,200.0,0
2.2854,59.0,200.0,0
2.2903,114.0,200.0,0
2.2952,19.0,200.0,0
2.3002,-106.0,200.0,0
2.3052,-53.0,202.0,0
2.3101,78.0,202.0,0
2.3152,25.0,202.0,0
2.3202,-55.0,202.0,0
2.3251,57.0,202.0,0
2.3301,62.0,200.0,0
2.335,-156.0,202.0,0
2.3401,-101.0,200.0,0
2.3451,206.0,204.0,0
2.3501,136.0,202.0,0
2.3553,-176.0,204.0,0
2.3602,-130.0,202.0,0
2.365,106.0,202.0,0
2.37,84.0,200.0,0
2.3752,-55.0,200.0,0
2.3802,-45.0,198.0,0
2.3851,42.0,196.0,0
2.39,49.0,194.0,0
2.395,-44.0,194.0,0
2.4001,-77.0,192.0,0
2.405,36.0,192.0,0
2.4102,77.0,190.0,0
2.4151,-22.0,190.0,0
2.42,-45.0,186.0,0
2.4253,23.0,186.0,0
2.4304,35.0,184.0,0
2.4353,-25.0,182.0,0
2.4401,-61.0,180.0,0
2.4452,1.0,178.0,0
2.4501,75.0,176.0,0
2.455,32.0,174.0,0
2.4601,-48.0,174.0,0
2.4652,-42.0,172.0,0
2.4701,3.0,170.0,0
2.4752,33.0,168.0,0
2.4801,26.0,168.0,0
2.4852,-36.0,166.0,0
2.4907,-41.0,166.0,0
2.4951,53.0,166.0,0
2.5,58.0,164.0,0
2.5051,-56.0,164.0,0
2.5101,-79.0,164.0,0
2.5152,19.0,164.0,0
2.5201,78.0,164.0,0
2.5251,39.0,162.0,0
2.53,-30.0,162.0,0
2.535,-75.0,160.0,0
2.54,-44.0,160.0,0
2.5456,69.0,158.0,0
2.5503,111.0,158.0,0
2.5551,-34.0,156.0,0
2.5601,-153.0,158.0,0
2.5651,-7.0,156.0,0
2.5701,171.0,156.0,0
2.5753,32.0,156.0,0
2.5801,-161.0,156.0,0
2.5859,-24.0,156.0,0
2.5901,134.0,156.0,0
2.5951,1.0,156.0,0
2.6002,-105.0,156.0,0
2.6054,10.0,156.0,0
2.61,85.0,156.0,0
2.6151,-16.0,156.0,0
2.6201,-99.0,156.0,0
2.6251,26.0,156.0,0
2.63,163.0,156.0,0
2.6352,-17.0,156.0,0
2.6403,-226.0,158.0,0
2.6451,-9.0,156.0,0
2.6502,215.0,158.0,0
2.6551,13.0,156.0,0
2.6608,-149.0,158.0,0
2.6651,4.0,154.0,0
2.67,101.0,156.0,0
2.6751,7.0,154.0,0
2.68,-89.0,154.0,0
2.685,-74.0,154.0,0
2.6905,77.0,154.0,0
2.6953,157.0,156.0,0
2.7,-42.0,156.0,0
2.7051,-197.0,158.0,0
2.71,-7.0,158.0,0
2.715,169.0,160.0,0
2.7201,39.0,158.0,0
2.7251,-103.0,160.0,0
2.73,-35.0,158.0,0
2.735,50.0,158.0,0
2.74,6.0,156.0,0
2.7453,-38.0,156.0,0
2.7501,3.0,154.0,0
2.755,49.0,156.0,0
2.76,24.0,154.0,0
2.765,-36.0,154.0,0
2.7701,-58.0,152.0,0
2.7752,-5.0,152.0,0
2.7801,59.0,150.0,0
2.7851,35.0,150.0,0
2.79,-18.0,148.0,0
2.795,-13.0,146.0,0
2.8001,-36.0,144.0,0
2.8055,-56.0,144.0,0
2.8101,49.0,144.0,0
2.8151,127.0,142.0,0
2.8201,5.0,142.0,0
2.8252,-150.0,142.0,0
2.8305,-88.0,142.0,0
2.8352,125.0,144.0,0
2.8402,124.0,144.0,0
2.845,-93.0,146.0,0
2.85,-98.0,146.0,0
2.8551,84.0,146.0,0
2.8601,54.0,144.0,0
2.8652,-81.0,142.0,0
2.8701,-29.0,140.0,0
2.875,61.0,140.0,0
2.88,20.0,136.0,0
2.8853,-25.0,136.0,0
2.8904,-10.0,134.0,0
2.8952,-12.0,132.0,0
2.9002,-4.0,132.0,0
2.905,43.0,130.0,0
2.91,18.0,130.0,0
2.9152,-56.0,128.0,0
2.9204,-19.0,128.0,0
2.9252,42.0,128.0,0
2.9301,0.0,126.0,0
2.9351,-19.0,126.0,0
2.9401,34.0,124.0,0
2.9452,22.0,124.0,0
2.9501,-45.0,124.0,0
2.9551,-55.0,124.0,0
2.96,6.0,122.0,0
2.965,68.0,124.0,0
2.9703,47.0,122.0,0
2.9753,-34.0,120.0,0
2.9803,-48.0,120.0,0
2.9851,1.0,116.0,0
2.99,-4.0,114.0,0
2.995,-27.0,112.0,0
3.0,39.0,112.0,0
3.005,86.0,110.0,0
3.0101,-6.0,110.0,0
3.0152,-89.0,110.0,0
3.0201,-46.0,110.0,0
3.025,10.0,110.0,0
3.0301,30.0,110.0,0
3.0353,51.0,110.0,0
3.0402,48.0,110.0,0
3.0451,-28.0,108.0,0
3.05,-92.0,110.0,0
3.055,-12.0,108.0,0
3.0601,80.0,110.0,0
3.0652,-4.0,110.0,0
3.0701,-74.0,110.0,0
3.0751,31.0,110.0,0
3.0801,92.0,110.0,0
3.0851,1.0,110.0,0
3.0903,-73.0,110.0,0
3.0952,-60.0,110.0,0
3.1002,-3.0,110.0,0
3.105,64.0,110.0,0
3.11,71.0,112.0,0
3.115,0.0,112.0,0
3.1202,-58.0,112.0,0
3.1252,-55.0,112.0,0
3.1301,-32.0,112.0,0
3.1351,36.0,112.0,0
3.1401,120.0,112.0,0
3.1454,22.0,112.0,0
3.1502,-137.0,112.0,0
3.1552,-34.0,112.0,0
3.1601,101.0,114.0,0
3.1651,-23.0,114.0,0
3.17,-68.0,114.0,0
3.1753,102.0,114.0,0
3.1802,71.0,114.0,0
3.1853,-158.0,116.0,0
3.1901,-97.0,116.0,0
3.195,176.0,118.0,0
3.2001,109.0,118.0,0
3.2053,-141.0,120.0,0
3.2102,-73.0,118.0,0
3.2151,55.0,118.0,0
3.22,-2.0,116.0,0
3.225,38.0,116.0,0
3.2301,74.0,114.0,0
3.2351,-94.0,116.0,0
3.2401,-101.0,116.0,0
3.2451,106.0,118.0,0
3.25,91.0,118.0,0
3.2551,-93.0,120.0,0
3.2602,-75.0,118.0,0
3.2651,69.0,120.0,0
3.2701,66.0,118.0,0
3.275,-35.0,118.0,0
3.28,-51.0,116.0,0
3.285,-1.0,116.0,0
3.2907,27.0,112.0,0
3.2951,13.0,112.0,0
3.3001,-18.0,110.0,0
3.305,7.0,110.0,0
3.31,44.0,110.0,0
3.3151,-33.0,110.0,0
3.3202,-80.0,110.0,0
3.3252,30.0,110.0,0
3.3301,73.0,110.0,0
3.3351,0.0,106.0,0
3.3401,3.0,106.0,0
3.3453,-18.0,104.0,0
3.3501,-105.0,104.0,0
3.3551,-6.0,102.0,0
3.3601,149.0,104.0,0
3.365,45.0,102.0,0
3.3701,-106.0,104.0,0
3.3752,-45.0,104.0,0
3.3801,31.0,104.0,0
3.3856,0.0,104.0,0
3.39,11.0,104.0,0
3.395,45.0,104.0,0
3.4001,-9.0,104.0,0
3.4054,-54.0,104.0,0
3.4102,-9.0,104.0,0
3.4152,30.0,104.0,0
3.42,21.0,102.0,0
3.425,-9.0,102.0,0
3.4301,-21.0,102.0,0
3.4352,9.0,102.0,0
3.4403,8.0,102.0,0
3.4452,-22.0,102.0,0
3.4503,12.0,100.0,0
3.4552,35.0,100.0,0
3.4602,-26.0,100.0,0
3.465,-35.0,98.0,0
3.4701,26.0,98.0,0
3.475,24.0,96.0,0
3.4805,-10.0,94.0,0
3.4849,-8.0,92.0,0
3.4901,-25.0,92.0,0
3.4951,-19.0,90.0,0
3.5,64.0,90.0,0
3.505,59.0,90.0,0
3.51,-84.0,90.0,0
3.5151,-87.0,92.0,0
3.5201,87.0,92.0,0
3.5251,94.0,94.0,0
3.53,-84.0,94.0,0
3.535,-102.0,96.0,0
3.54,68.0,98.0,0
3.5451,108.0,98.0,0
3.5504,-28.0,98.0,0
3.5552,-71.0,98.0,0
3.5601,-4.0,98.0,0
3.565,-18.0,98.0,0
3.5701,-14.0,98.0,0
3.5753,93.0,100.0,0
3.5802,73.0,100.0,0
3.5852,-92.0,100.0,0
3.59,-102.0,102.0,0
3.595,41.0,102.0,0
3.6,62.0,102.0,0
3.6054,-20.0,102.0,0
3.6101,0.0,100.0,0
3.6151,56.0,102.0,0
3.6201,-12.0,100.0,0
3.625,-98.0,102.0,0
3.6301,-25.0,102.0,0
3.6352,83.0,104.0,0
3.6401,62.0,104.0,0
3.6451,-22.0,102.0,0
3.6501,-71.0,104.0,0
3.655,-30.0,102.0,0
3.6603,82.0,104.0,0
3.6652,68.0,104.0,0
3.6702,-121.0,106.0,0
3.675,-117.0,106.0,0
3.68,163.0,108.0,0
3.6851,172.0,110.0,0
3.6903,-164.0,112.0,0
3.6951,-187.0,114.0,0
3.7,117.0,116.0,0
3.705,140.0,118.0,0
3.71,-60.0,118.0,0
3.7155,-85.0,118.0,0
3.7202,31.0,118.0,0
3.725,80.0,118.0,0
3.73,-37.0,118.0,0
3.7351,-121.0,118.0,0
3.7401,55.0,120.0,0
3.7451,162.0,122.0,0
3.7501,-60.0,120.0,0
3.7552,-164.0,124.0,0
3.7601,57.0,124.0,0
3.7684,115.0,124.0,0
3.77,-84.0,126.0,0
3.7752,-44.0,126.0,0
3.7801,163.0,126.0,0
3.7851,-1.0,126.0,0
3.7901,-252.0,128.0,0
3.795,0.0,126.0,0
3.8001,269.0,130.0,0
3.8052,29.0,130.0,0
3.8101,-192.0,132.0,0
3.8151,-47.0,130.0,0
3.82,85.0,130.0,0
3.8251,48.0,130.0,0
3.83,-27.0,128.0,0
3.8351,-57.0,126.0,0
3.8401,32.0,126.0,0
3.8451,85.0,124.0,0
3.8501,-50.0,124.0,0
3.8553,-111.0,124.0,0
3.8601,54.0,126.0,0
3.8651,112.0,126.0,0
3.8701,-59.0,126.0,0
3.8751,-100.0,126.0,0
3.88,75.0,126.0,0
3.8851,99.0,126.0,0
3.8902,-80.0,126.0,0
3.8952,-117.0,126.0,0
3.9001,48.0,126.0,0
3.9051,134.0,126.0,0
3.9102,18.0,126.0,0
3.9153,-130.0,128.0,0
3.9203,-76.0,128.0,0
3.9252,108.0,130.0,0
3.9301,79.0,130.0,0
3.935,-97.0,132.0,0
3.9402,-25.0,132.0,0
3.9455,107.0,134.0,0
3.9501,-50.0,134.0,0
3.9552,-114.0,134.0,0
3.96,105.0,136.0,0
3.965,86.0,136.0,0
3.9701,-114.0,136.0,0
3.9757,-25.0,138.0,0
3.9801,97.0,138.0,0
3.9852,-21.0,138.0,0
3.9901,-74.0,138.0,0
3.995,1.0,138.0,0
4.0001,26.0,136.0,0
4.0051,66.0,136.0,0
4.0102,51.0,136.0,0
4.0151,-101.0,136.0,0
4.0202,-97.0,138.0,0
4.0252,87.0,138.0,0
4.0307,55.0,140.0,0
4.0353,-103.0,140.0,0
4.0404,34.0,140.0,0
4.0453,201.0,144.0,0
4.0502,-63.0,144.0,0
4.0552,-310.0,148.0,0
4.0602,-4.0,148.0,0
4.0651,312.0,152.0,0
4.0701,87.0,154.0,0
4.0752,-187.0,156.0,0
4.0801,-91.0,158.0,0
4.0852,51.0,158.0,0
4.0903,33.0,158.0,0
4.0951,-17.0,158.0,0
4.1002,-14.0,158.0,0
4.1052,53.0,158.0,0
4.1102,67.0,160.0,0
4.1153,-49.0,160.0,0
4.1205,-107.0,162.0,0
4.1252,-24.0,162.0,0
4.1307,55.0,162.0,0
4.1352,95.0,162.0,0
4.1401,53.0,162.0,0
4.1452,-103.0,164.0,0
4.1503,-138.0,164.0,0
4.1551,60.0,164.0,0
4.1602,169.0,166.0,0
4.1652,2.0,164.0,0
4.1703,-152.0,164.0,0
4.1752,-61.0,164.0,0
4.1801,95.0,164.0,0
4.1851,87.0,164.0,0
4.1902,-22.0,164.0,0
4.195,-71.0,164.0,0
4.2,-30.0,164.0,0
4.205,34.0,164.0,0
4.21,39.0,166.0,0
4.215,-18.0,164.0,0
4.22,4.0,162.0,0
4.225,56.0,162.0,0
4.2301,-63.0,162.0,0
4.2351,-128.0,164.0,0
4.2401,75.0,164.0,0
4.245,151.0,166.0,0
4.25,-41.0,166.0,0
4.255,-75.0,166.0,0
4.2601,21.0,166.0,0
4.2651,-49.0,166.0,0
4.2701,-29.0,166.0,0
4.275,127.0,166.0,0
4.28,24.0,166.0,0
4.2851,-99.0,168.0,0
4.29,13.0,166.0,0
4.2952,-24.0,166.0,0
4.3002,-69.0,166.0,0
4.305,166.0,168.0,0
4.31,121.0,168.0,0
4.315,-236.0,170.0,0
4.32,-142.0,168.0,0
4.3252,206.0,170.0,0
4.33,118.0,168.0,0
4.335,-120.0,168.0,0
4.34,-66.0,166.0,0
4.3449,35.0,166.0,0
4.3502,8.0,164.0,0
4.3552,12.0,164.0,0
4.36,31.0,164.0,0
4.365,-28.0,162.0,0
4.3702,-39.0,162.0,0
4.3751,49.0,162.0,0
4.3802,36.0,162.0,0
4.3851,-83.0,160.0,0
4.3901,-54.0,160.0,0
4.3951,94.0,158.0,0
4.4002,77.0,158.0,0
4.4051,-57.0,158.0,0
4.4101,-52.0,158.0,0
4.415,-6.0,156.0,0
4.42,-25.0,154.0,0
4.4251,54.0,156.0,0
4.4301,92.0,154.0,0
4.4352,-61.0,154.0,0
4.44,-93.0,152.0,0
4.445,42.0,152.0,0
4.45,43.0,150.0,0
4.455,-23.0,148.0,0
4.4601,6.0,148.0,0
4.465,28.0,148.0,0
4.4701,-20.0,148.0,0
4.4751,-62.0,148.0,0
4.48,-3.0,146.0,0
4.485,112.0,148.0,0
4.4901,60.0,148.0,0
4.4953,-143.0,148.0,0
4.5003,-126.0,150.0,0
4.5051,132.0,150.0,0
4.51,151.0,150.0,0
4.5151,-97.0,150.0,0
4.52,-103.0,152.0,0
4.5252,73.0,150.0,0
4.53,14.0,150.0,0
4.5351,-76.0,150.0,0
4.5401,61.0,150.0,0
4.545,103.0,148.0,0
4.55,-89.0,150.0,0
4.5551,-141.0,150.0,0
4.5601,54.0,150.0,0
4.5651,150.0,150.0,0
4.5704,19.0,150.0,0
4.5753,-95.0,150.0,0
4.5802,-54.0,150.0,0
4.5852,20.0,148.0,0
4.5901,18.0,148.0,0
4.595,-6.0,146.0,0
4.6001,27.0,146.0,0
4.6052,52.0,144.0,0
4.61,-27.0,144.0,0
4.6151,-89.0,144.0,0
4.62,2.0,142.0,0
4.625,88.0,144.0,0
4.63,8.0,142.0,0
4.6351,-75.0,144.0,0
4.6401,5.0,144.0,0
4.6451,70.0,144.0,0
4.6501,-36.0,144.0,0
4.6552,-64.0,142.0,0
4.66,75.0,142.0,0
4.6653,54.0,142.0,0
4.6701,-117.0,142.0,0
4.6751,-55.0,142.0,0
4.6801,137.0,144.0,0
4.685,66.0,142.0,0
4.6903,-103.0,142.0,0
4.6951,-63.0,138.0,0
4.7002,35.0,138.0,0
4.7051,44.0,134.0,0
4.7101,7.0,134.0,0
4.7151,-33.0,132.0,0
4.7202,4.0,130.0,0
4.7252,45.0,130.0,0
4.7301,-46.0,130.0,0
4.735,-79.0,130.0,0
4.74,77.0,132.0,0
4.7451,116.0,132.0,0
4.7502,-79.0,132.0,0
4.7554,-133.0,134.0,0
4.7601,67.0,134.0,0
4.7651,122.0,136.0,0
4.7702,-55.0,136.0,0
4.7752,-86.0,136.0,0
4.7802,47.0,134.0,0
4.7852,24.0,134.0,0
4.79,-50.0,132.0,0
4.795,42.0,132.0,0
4.8,63.0,130.0,0
4.8053,-84.0,132.0,0
4.8102,-76.0,130.0,0
4.8152,93.0,132.0,0
4.82,84.0,130.0,0
4.825,-79.0,130.0,0
4.8303,-94.0,132.0,0
4.8356,42.0,132.0,0
4.84,96.0,132.0,0
4.8451,12.0,132.0,0
4.85,-75.0,132.0,0
4.8551,-54.0,134.0,0
4.8601,44.0,134.0,0
4.8652,64.0,134.0,0
4.8704,-30.0,134.0,0
4.8752,-50.0,132.0,0
4.88,31.0,132.0,0
4.8852,32.0,130.0,0
4.8903,-27.0,130.0,0
4.8952,-18.0,128.0,0
4.9,20.0,128.0,0
4.9051,18.0,128.0,0
4.9101,-20.0,128.0,0
4.9151,-45.0,126.0,0
4.92,27.0,126.0,0
4.9251,81.0,126.0,0
4.9301,-32.0,126.0,0
4.9351,-82.0,128.0,0
4.94,57.0,128.0,0
4.9456,47.0,126.0,0
4.9502,-116.0,126.0,0
4.9552,-26.0,122.0,0
4.9601,170.0,122.0,0
4.965,51.0,120.0,0
4.9701,-157.0,120.0,0
4.9753,-97.0,120.0,0
4.9802,72.0,120.0,0
4.9851,123.0,122.0,0
4.99,24.0,122.0,0
4.9951,-116.0,124.0,0
4.9999,-74.0,124.0,0
5.0053,99.0,126.0,0
5.0103,75.0,126.0,0
5.0151,-92.0,126.0,0
5.02,-58.0,128.0,0
5.0251,86.0,128.0,0
5.0303,38.0,126.0,0
5.0352,-68.0,126.0,0
5.0403,-13.0,126.0,0
5.045,39.0,126.0,0
5.0501,-17.0,124.0,0
5.055,-16.0,124.0,0
5.0605,46.0,126.0,0
5.065,6.0,124.0,0
5.07,-59.0,124.0,0
5.0751,0.0,124.0,0
5.08,48.0,122.0,0
5.0852,-13.0,122.0,0
5.0903,-19.0,122.0,0
5.0951,37.0,122.0,0
5.1001,-10.0,122.0,0
5.1051,-60.0,122.0,0
5.11,24.0,122.0,0
5.1151,79.0,122.0,0
5.1203,-15.0,122.0,0
5.1252,-110.0,122.0,0
5.1301,-18.0,122.0,0
5.135,147.0,122.0,0
5.14,82.0,122.0,0
5.1453,-157.0,122.0,0
5.15,-156.0,122.0,0
5.1552,112.0,122.0,0
5.16,190.0,124.0,0
5.165,-44.0,124.0,0
5.17,-157.0,126.0,0
5.1752,7.0,124.0,0
5.1803,89.0,124.0,0
5.185,-2.0,124.0,0
5.19,-26.0,122.0,0
5.195,-10.0,120.0,0
5.2005,-33.0,120.0,0
5.2052,24.0,118.0,0
5.2101,87.0,118.0,0
5.2161,-3.0,118.0,0
5.2201,-90.0,118.0,0
5.2257,-29.0,118.0,0
5.2305,25.0,118.0,0
5.235,1.0,118.0,0
5.2401,38.0,118.0,0
5.2451,88.0,118.0,0
5.2501,-23.0,118.0,0
5.2552,-147.0,120.0,0
5.2601,-52.0,120.0,0
5.2652,110.0,120.0,0
5.2702,97.0,122.0,0
5.2751,-14.0,122.0,0
5.2801,-60.0,122.0,0
5.2851,-62.0,122.0,0
5.2902,-24.0,122.0,0
5.2954,78.0,122.0,0
5.3003,72.0,122.0,0
5.305,-66.0,122.0,0
5.3101,-39.0,120.0,0
5.3151,90.0,122.0,0
5.3202,-17.0,120.0,0
5.3253,-148.0,120.0,0
5.3302,21.0,120.0,0
5.335,179.0,122.0,0
5.34,15.0,122.0,0
5.3456,-162.0,122.0,0
5.35,-41.0,124.0,0
5.3552,117.0,124.0,0
5.3601,42.0,126.0,0
5.3651,-64.0,126.0,0
5.37,-17.0,126.0,0
5.3751,19.0,124.0,0
5.3802,-37.0,124.0,0
5.3851,-7.0,122.0,0
5.3901,96.0,122.0,0
5.3951,18.0,120.0,0
5.4003,-115.0,122.0,0
5.4051,-8.0,120.0,0
5.4102,86.0,120.0,0
5.4153,-39.0,120.0,0
5.42,-42.0,120.0,0
5.4251,87.0,120.0,0
5.4303,18.0,120.0,0
5.4351,-86.0,120.0,0
5.4401,-1.0,120.0,0
5.4451,33.0,118.0,0
5.45,-57.0,118.0,0
5.4551,9.0,116.0,0
5.4607,157.0,118.0,0
5.4652,25.0,118.0,0
5.4703,-210.0,118.0,0
5.4751,-98.0,120.0,0
5.48,151.0,120.0,0
5.4852,105.0,122.0,0
5.4904,-41.0,122.0,0
5.4951,-31.0,122.0,0
5.5002,-10.0,120.0,0
5.505,-27.0,120.0,0
5.51,-14.0,120.0,0
5.515,27.0,120.0,0
5.5201,55.0,120.0,0
5.5251,-23.0,120.0,0
5.5301,-92.0,120.0,0
5.535,45.0,122.0,0
5.54,165.0,124.0,0
5.5452,-37.0,124.0,0
5.5502,-249.0,128.0,0
5.5551,-25.0,128.0,0
5.5601,259.0,130.0,0
5.565,76.0,130.0,0
5.57,-178.0,132.0,0
5.5751,-63.0,132.0,0
5.5803,76.0,132.0,0
5.5852,17.0,132.0,0
5.59,0.0,130.0,0
5.595,8.0,130.0,0
5.6,-63.0,128.0,0
5.6052,0.0,128.0,0
5.6102,126.0,128.0,0
5.6152,-13.0,126.0,0
5.62,-155.0,128.0,0
5.6255,8.0,126.0,0
5.6304,119.0,128.0,0
5.6352,0.0,126.0,0
5.6402,-45.0,124.0,0
5.645,18.0,124.0,0
5.65,-13.0,122.0,0
5.6551,-39.0,122.0,0
5.66,34.0,122.0,0
5.6652,26.0,120.0,0
5.6702,-49.0,120.0,0
5.675,17.0,120.0,0
5.6801,81.0,120.0,0
5.685,-52.0,122.0,0
5.6903,-119.0,122.0,0
5.6958,62.0,124.0,0
5.7001,129.0,124.0,0
5.705,-63.0,126.0,0
5.71,-91.0,126.0,0
5.7152,66.0,128.0,0
5.7202,26.0,126.0,0
5.7252,-66.0,128.0,0
5.7301,29.0,128.0,0
5.735,58.0,128.0,0
5.7401,-57.0,128.0,0
5.745,-42.0,128.0,0
5.7502,59.0,130.0,0
5.7552,14.0,128.0,0
5.76,-56.0,128.0,0
5.7692,12.0,128.0,0
5.7701,62.0,128.0,0
5.7751,-8.0,126.0,0
5.7803,-39.0,124.0,0
5.785,-10.0,122.0,0
5.7901,-49.0,122.0,0
5.795,-22.0,120.0,0
5.8002,145.0,118.0,0
5.805,108.0,120.0,0
5.8103,-168.0,120.0,0
5.8153,-168.0,122.0,0
5.82,140.0,124.0,0
5.825,157.0,126.0,0
5.8306,-133.0,128.0,0
5.8352,-111.0,130.0,0
5.8403,154.0,130.0,0
5.845,78.0,132.0,0
5.85,-145.0,132.0,0
5.8552,-58.0,134.0,0
5.86,72.0,134.0,0
5.865,21.0,134.0,0
5.8702,33.0,134.0,0
5.8752,37.0,134.0,0
5.8803,-118.0,136.0,0
5.8851,-104.0,136.0,0
5.8901,132.0,138.0,0
5.8953,153.0,138.0,0
5.9,-40.0,136.0,0
5.9051,-127.0,138.0,0
5.9101,-109.0,138.0,0
5.9151,3.0,138.0,0
5.9201,210.0,140.0,0
5.925,133.0,140.0,0
5.9301,-208.0,144.0,0
5.9351,-163.0,144.0,0
5.9402,142.0,146.0,0
5.945,70.0,146.0,0
5.9501,-88.0,146.0,0
5.9551,61.0,146.0,0
5.9601,81.0,148.0,0
5.965,-156.0,148.0,0
5.97,-91.0,148.0,0
5.9751,201.0,148.0,0
5.9802,77.0,150.0,0
5.9852,-233.0,152.0,0
5.99,-44.0,152.0,0
5.995,276.0,154.0,0
6.0,41.0,154.0,0
6.0056,-278.0,156.0,0
6.0102,-74.0,158.0,0
6.0152,188.0,160.0,0
6.02,74.0,160.0,0
6.025,-58.0,162.0,0
6.0301,-20.0,160.0,0
6.0351,-1.0,160.0,0
6.0401,-7.0,158.0,0
6.0452,-20.0,158.0,0
6.05,-37.0,158.0,0
6.055,48.0,158.0,0
6.0601,96.0,160.0,0
6.0652,-48.0,158.0,0
6.0701,-104.0,160.0,0
6.075,42.0,160.0,0
6.08,72.0,160.0,0
6.0851,-46.0,160.0,0
6.0903,-48.0,160.0,0
6.0952,69.0,162.0,0
6.1,56.0,160.0,0
6.1051,-110.0,160.0,0
6.11,-79.0,158.0,0
6.1151,135.0,160.0,0
6.1202,80.0,158.0,0
6.1255,-119.0,158.0,0
6.13,-38.0,158.0,0
6.135,86.0,160.0,0
6.14,-33.0,160.0,0
6.145,-79.0,160.0,0
6.1502,87.0,162.0,0
6.1553,103.0,162.0,0
6.1601,-71.0,164.0,0
6.165,-115.0,164.0,0
6.17,-11.0,164.0,0
6.175,61.0,164.0,0
6.1803,69.0,162.0,0
6.1852,34.0,162.0,0
6.19,-26.0,158.0,0
6.1951,-80.0,160.0,0
6.2001,-57.0,156.0,0
6.2049,44.0,156.0,0
6.2101,63.0,154.0,0
6.215,4.0,154.0,0
6.2201,19.0,152.0,0
6.225,2.0,152.0,0
6.23,-101.0,154.0,0
6.2352,-46.0,154.0,0
6.2402,97.0,154.0,0
6.2451,62.0,156.0,0
6.25,-10.0,154.0,0
6.255,2.0,154.0,0
6.2601,-70.0,152.0,0
6.2649,-125.0,154.0,0
6.2702,54.0,154.0,0
6.2751,198.0,156.0,0
6.28,42.0,156.0,0
6.2852,-153.0,158.0,0
6.2903,-119.0,160.0,0
6.2952,39.0,160.0,0
6.3002,111.0,162.0,0
6.305,43.0,162.0,0
6.3101,-31.0,162.0,0
6.3151,-54.0,162.0,0
6.3203,-49.0,162.0,0
6.3253,31.0,160.0,0
6.33,71.0,160.0,0
6.335,-26.0,160.0,0
6.3401,-38.0,158.0,0
6.345,40.0,158.0,0
6.3502,-11.0,156.0,0
6.3553,-42.0,156.0,0
6.36,54.0,156.0,0
6.365,21.0,156.0,0
6.3701,-76.0,156.0,0
6.3752,2.0,156.0,0
6.3801,59.0,156.0,0
6.3853,-20.0,156.0,0
6.3901,-10.0,154.0,0
6.395,37.0,154.0,0
6.4002,-41.0,154.0,0
6.4053,-44.0,156.0,0
6.4102,72.0,156.0,0
6.4154,24.0,156.0,0
6.4201,-85.0,156.0,0
6.425,-3.0,156.0,0
6.4303,60.0,156.0,0
6.4352,2.0,156.0,0
6.4402,28.0,154.0,0
6.4452,12.0,152.0,0
6.4501,-140.0,152.0,0
6.4553,-62.0,150.0,0
6.46,182.0,152.0,0
6.465,94.0,150.0,0
6.47,-130.0,150.0,0
6.475,-55.0,150.0,0
6.48,44.0,148.0,0
6.485,-22.0,146.0,0
6.4902,8.0,144.0,0
6.4953,69.0,144.0,0
6.5002,-10.0,144.0,0
6.505,-53.0,144.0,0
6.51,-15.0,144.0,0
6.5153,-5.0,144.0,0
6.5201,36.0,142.0,0
6.5253,68.0,142.0,0
6.5301,-16.0,140.0,0
6.535,-95.0,140.0,0
6.54,-37.0,140.0,0
6.545,36.0,138.0,0
6.55,28.0,136.0,0
6.5552,107.0,138.0,0
6.56,166.0,138.0,0
6.5651,-180.0,138.0,0
6.5701,-444.0,142.0,0
6.5751,54.0,140.0,0
6.5803,517.0,146.0,0
6.5851,106.0,146.0,0
6.5902,-327.0,150.0,0
6.595,-71.0,150.0,0
6.6003,110.0,150.0,0
6.6053,-108.0,150.0,0
6.6101,-28.0,150.0,0
6.6151,231.0,150.0,0
6.62,27.0,148.0,0
6.625,-218.0,148.0,0
6.6301,0.0,148.0,0
6.6352,136.0,146.0,0
6.6401,-70.0,146.0,0
6.6452,-53.0,142.0,0
6.65,122.0,144.0,0
6.655,-22.0,140.0,0
6.66,-120.0,142.0,0
6.6652,75.0,142.0,0
6.6701,74.0,142.0,0
6.6751,-74.0,144.0,0
6.68,-2.0,144.0,0
6.685,31.0,144.0,0
6.6901,-74.0,144.0,0
6.6951,-9.0,144.0,0
6.7,114.0,144.0,0
6.7052,47.0,144.0,0
6.71,-84.0,144.0,0
6.7153,-117.0,144.0,0
6.7202,-4.0,144.0,0
6.7252,153.0,146.0,0
6.7301,94.0,146.0,0
6.7351,-113.0,146.0,0
6.7401,-113.0,148.0,0
6.7458,29.0,146.0,0
6.7501,43.0,146.0,0
6.7551,22.0,144.0,0
6.7601,48.0,144.0,0
6.765,-6.0,142.0,0
6.77,-71.0,142.0,0
6.775,-26.0,142.0,0
6.7802,0.0,140.0,0
6.785,20.0,140.0,0
6.7901,106.0,140.0,0
6.795,19.0,140.0,0
6.8001,-177.0,140.0,0
6.8053,-49.0,140.0,0
6.8101,193.0,142.0,0
6.815,44.0,142.0,0
6.82,-175.0,144.0,0
6.8251,-15.0,144.0,0
6.83,134.0,146.0,0
6.8351,-27.0,144.0,0
6.8401,-77.0,144.0,0
6.845,83.0,146.0,0
6.8503,45.0,146.0,0
6.8552,-127.0,148.0,0
6.8601,-70.0,148.0,0
6.8651,114.0,150.0,0
6.8702,105.0,150.0,0
6.875,-36.0,150.0,0
6.88,-61.0,148.0,0
6.885,-31.0,148.0,0
6.8906,-51.0,150.0,0
6.8957,19.0,150.0,0
6.9,112.0,150.0,0
6.9051,24.0,148.0,0
6.9103,-64.0,148.0,0
6.9154,0.0,146.0,0
6.92,0.0,144.0,0
6.9252,-82.0,144.0,0
6.9304,0.0,142.0,0
6.9352,126.0,144.0,0
6.9402,31.0,142.0,0
6.9452,-87.0,142.0,0
6.9506,-8.0,142.0,0
6.9555,16.0,142.0,0
6.9602,-72.0,142.0,0
6.9651,2.0,142.0,0
6.9702,115.0,142.0,0
6.9762,34.0,142.0,0
6.9802,-63.0,142.0,0
6.9852,-57.0,144.0,0
6.99,-27.0,144.0,0
6.9954,46.0,144.0,0
7.0003,72.0,144.0,0
7.0051,-58.0,144.0,0
7.0102,-70.0,144.0,0
7.015,108.0,146.0,0
7.02,66.0,146.0,0
7.0252,-143.0,148.0,0
7.0302,-86.0,150.0,0
7.0355,130.0,150.0,0
7.0401,122.0,152.0,0
7.045,-89.0,152.0,0
7.0502,-155.0,154.0,0
7.0553,34.0,154.0,0
7.0603,161.0,156.0,0
7.0657,23.0,156.0,0
7.07,-133.0,156.0,0
7.075,-61.0,158.0,0
7.0802,84.0,158.0,0
7.0852,47.0,158.0,0
7.0909,-55.0,158.0,0
7.095,0.0,156.0,0
7.1,73.0,154.0,0
7.1051,-22.0,154.0,0
7.1102,-111.0,154.0,0
7.1153,14.0,152.0,0
7.1203,126.0,154.0,0
7.1256,-36.0,154.0,0
7.13,-127.0,156.0,0
7.135,96.0,156.0,0
7.1404,130.0,158.0,0
7.1453,-114.0,160.0,0
7.15,-88.0,160.0,0
7.155,66.0,162.0,0
7.1601,-40.0,162.0,0
7.1651,-14.0,160.0,0
7.1702,191.0,164.0,0
7.1751,-13.0,162.0,0
7.1811,-260.0,166.0,0
7.185,53.0,166.0,0
7.1905,239.0,170.0,0
7.1952,-109.0,170.0,0
7.2002,-196.0,170.0,0
7.2056,129.0,168.0,0
7.21,159.0,164.0,0
7.2151,-100.0,166.0,0
7.2202,-108.0,158.0,0
7.2251,62.0,158.0,0
7.2304,45.0,154.0,0
7.2349,-43.0,154.0,0
7.2405,5.0,152.0,0
7.245,34.0,150.0,0
7.25,-41.0,150.0,0
7.255,-19.0,148.0,0
7.2604,79.0,148.0,0
7.2656,-2.0,144.0,0
7.2699,-118.0,146.0,0
7.2751,22.0,144.0,0
7.2802,126.0,146.0,0
7.2852,-38.0,146.0,0
7.2907,-98.0,146.0,0
7.295,50.0,146.0,0
7.3,54.0,144.0,0
7.3052,-48.0,144.0,0
7.3101,11.0,144.0,0
7.3151,38.0,142.0,0
7.3199,-101.0,144.0,0
7.3255,-43.0,144.0,0
7.3305,161.0,146.0,0
7.3353,46.0,146.0,0
7.3401,-154.0,146.0,0
7.3453,-11.0,146.0,0
7.35,117.0,146.0,0
7.355,-39.0,146.0,0
7.36,-106.0,148.0,0
7.3651,44.0,146.0,0
7.3704,124.0,146.0,0
7.3756,27.0,144.0,0
7.3805,-138.0,146.0,0
7.3855,-134.0,146.0,0
7.3907,144.0,148.0,0
7.3952,205.0,152.0,0
7.4003,-175.0,154.0,0
7.4052,-219.0,156.0,0
7.41,245.0,160.0,0
7.4149,209.0,162.0,0
7.4199,-303.0,166.0,0
7.4252,-187.0,170.0,0
7.4302,304.0,172.0,0
7.4352,143.0,174.0,0
7.4405,-259.0,176.0,0
7.4453,-90.0,176.0,0
7.45,194.0,176.0,0
7.4556,56.0,176.0,0
7.4603,-112.0,176.0,0
7.465,-55.0,176.0,0
7.47,14.0,174.0,0
7.4751,77.0,176.0,0
7.4801,70.0,174.0,0
7.4853,-100.0,176.0,0
7.4905,-95.0,176.0,0
7.4951,116.0,176.0,0
7.5,47.0,176.0,0
7.505,-138.0,176.0,0
7.51,34.0,174.0,0
7.5154,151.0,176.0,0
7.52,-107.0,178.0,0
7.5257,-129.0,178.0,0
7.5307,165.0,180.0,0
7.5351,80.0,182.0,0
7.54,-207.0,182.0,0
7.5455,-27.0,184.0,0
7.55,235.0,186.0,0
7.5555,-3.0,186.0,0
7.5602,-249.0,190.0,0
7.5651,-23.0,188.0,0
7.57,212.0,192.0,0
7.5765,96.0,192.0,0
7.58,-106.0,192.0,0
7.5859,-141.0,194.0,0
7.5899,-13.0,194.0,0
7.5951,114.0,196.0,0
7.6001,78.0,196.0,0
7.6058,-30.0,196.0,0
7.6112,-76.0,196.0,0
7.6149,-62.0,196.0,0
7.6201,14.0,194.0,0
7.6251,83.0,196.0,0
7.6302,72.0,196.0,0
7.6354,5.0,196.0,0
7.6405,-111.0,196.0,0
7.6462,-118.0,196.0,0
7.6501,82.0,196.0,0
7.6553,155.0,198.0,0
7.6603,-45.0,198.0,0
7.6655,-126.0,198.0,0
7.67,36.0,196.0,0
7.6756,88.0,196.0,0
7.68,-43.0,194.0,0
7.6852,-60.0,194.0,0
7.6907,66.0,192.0,0
7.6957,48.0,192.0,0
7.7,-118.0,192.0,0
7.7053,-81.0,194.0,0
7.7102,149.0,194.0,0
7.715,146.0,194.0,0
7.7207,-98.0,194.0,0
7.7249,-173.0,196.0,0
7.7305,7.0,196.0,0
7.7354,129.0,198.0,0
7.7399,27.0,198.0,0
7.7453,-69.0,198.0,0
7.7499,-3.0,196.0,0
7.7554,35.0,196.0,0
7.7602,-19.0,196.0,0
7.7651,-11.0,194.0,0
7.7704,14.0,192.0,0
7.7751,-18.0,192.0,0
7.7799,-7.0,190.0,0
7.7857,31.0,188.0,0
7.7905,16.0,188.0,0
7.7951,-2.0,186.0,0
7.8002,-23.0,186.0,0
7.8053,-63.0,186.0,0
7.8105,-9.0,184.0,0
7.8158,111.0,186.0,0
7.8203,85.0,182.0,0
7.8252,-91.0,184.0,0
7.8301,-147.0,182.0,0
7.8356,35.0,180.0,0
7.8405,129.0,180.0,0
7.8456,-30.0,178.0,0
7.8502,-34.0,176.0,0
7.8552,99.0,176.0,0
7.8604,-55.0,176.0,0
7.8655,-159.0,176.0,0
7.8699,79.0,178.0,0
7.8751,127.0,178.0,0
7.8801,-51.0,180.0,0
7.8852,-29.0,180.0,0
7.8901,14.0,178.0,0
7.8956,-43.0,180.0,0
7.9,12.0,178.0,0
7.9049,38.0,178.0,0
7.91,-30.0,178.0,0
7.9149,18.0,178.0,0
7.92,59.0,176.0,0
7.9251,-60.0,176.0,0
7.93,-99.0,176.0,0
7.9351,46.0,176.0,0
7.94,110.0,178.0,0
7.9453,-1.0,176.0,0
7.95,-55.0,178.0,0
7.9551,17.0,178.0,0
7.96,-22.0,176.0,0
7.965,-135.0,178.0,0
7.97,47.0,176.0,0
7.975,269.0,180.0,0
7.9801,-27.0,178.0,0
7.9851,-319.0,182.0,0
7.99,33.0,180.0,0
7.995,287.0,184.0,0
8.0001,-81.0,184.0,0
8.0051,-224.0,186.0,0
8.0101,117.0,186.0,0
8.015,165.0,188.0,0
8.02,-93.0,188.0,0
8.0251,-123.0,188.0,0
8.0302,11.0,186.0,0
8.0349,92.0,184.0,0
8.0401,78.0,182.0,0
8.045,-65.0,180.0,0
8.05,-134.0,178.0,0
8.055,62.0,176.0,0
8.0601,167.0,174.0,0
8.065,-73.0,172.0,0
8.07,-195.0,170.0,0
8.075,53.0,170.0,0
8.08,191.0,168.0,0
8.085,9.0,166.0,0
8.0902,-117.0,166.0,0
8.0952,-58.0,166.0,0
8.1,-29.0,164.0,0
8.1049,0.0,164.0,0
8.11,187.0,166.0,0
8.1151,183.0,168.0,0
8.1202,-255.0,170.0,0
8.1251,-377.0,176.0,0
8.13,208.0,176.0,0
8.1353,420.0,182.0,0
8.1402,-127.0,182.0,0
8.1455,-295.0,186.0,0
8.15,96.0,186.0,0
8.1551,127.0,186.0,0
8.1606,-103.0,186.0,0
8.1651,-27.0,184.0,0
8.1701,73.0,182.0,0
8.1751,-8.0,182.0,0
8.1802,18.0,178.0,0
8.185,37.0,178.0,0
8.1901,-125.0,178.0,0
8.195,-69.0,178.0,0
8.2002,192.0,178.0,0
8.2051,74.0,178.0,0
8.2101,-212.0,178.0,0
8.215,-50.0,178.0,0
8.22,195.0,178.0,0
8.2249,24.0,178.0,0
8.2301,-151.0,180.0,0
8.2351,1.0,178.0,0
8.2402,106.0,178.0,0
8.2452,-27.0,178.0,0
8.2502,-77.0,178.0,0
8.2552,22.0,178.0,0
8.2602,42.0,178.0,0
8.2651,30.0,176.0,0
8.2702,17.0,176.0,0
8.275,-85.0,178.0,0
8.28,-78.0,176.0,0
8.2851,90.0,176.0,0
8.2902,121.0,176.0,0
8.2951,-38.0,176.0,0
8.3001,-152.0,176.0,0
8.3051,-34.0,176.0,0
8.31,166.0,178.0,0
8.3149,76.0,178.0,0
8.3201,-156.0,178.0,0
8.3251,-80.0,180.0,0
8.3302,127.0,180.0,0
8.335,77.0,180.0,0
8.34,-83.0,180.0,0
8.345,-70.0,180.0,0
8.35,15.0,178.0,0
8.355,30.0,176.0,0
8.36,61.0,176.0,0
8.365,43.0,174.0,0
8.37,-95.0,174.0,0
8.3753,-101.0,174.0,0
8.3802,54.0,174.0,0
8.3851,86.0,174.0,0
8.3902,24.0,176.0,0
8.395,-2.0,174.0,0
8.4,-71.0,176.0,0
8.4051,-92.0,176.0,0
8.4102,61.0,178.0,0
8.415,146.0,180.0,0
8.42,-11.0,180.0,0
8.4251,-149.0,182.0,0
8.4303,-39.0,182.0,0
8.4351,133.0,184.0,0
8.4401,71.0,184.0,0
8.445,-136.0,186.0,0
8.4501,-83.0,186.0,0
8.455,155.0,188.0,0
8.4602,67.0,188.0,0
8.465,-161.0,188.0,0
8.47,-14.0,186.0,0
8.475,145.0,188.0,0
8.48,-52.0,186.0,0
8.485,-124.0,188.0,0
8.4905,79.0,190.0,0
8.4952,125.0,190.0,0
8.5,-34.0,190.0,0
8.505,-138.0,188.0,0
8.5099,-45.0,188.0,0
8.5151,127.0,188.0,0
8.5202,89.0,188.0,0
8.525,-84.0,190.0,0
8.53,-69.0,190.0,0
8.5354,39.0,190.0,0
8.54,12.0,190.0,0
8.545,-42.0,190.0,0
8.55,28.0,190.0,0
8.5551,90.0,192.0,0
8.56,-13.0,190.0,0
8.565,-110.0,192.0,0
8.57,-30.0,190.0,0
8.575,65.0,190.0,0
8.58,30.0,190.0,0
8.585,-23.0,190.0,0
8.59,27.0,190.0,0
8.595,37.0,190.0,0
8.6,-92.0,192.0,0
8.6053,-68.0,190.0,0
8.6102,122.0,192.0,0
8.615,70.0,188.0,0
8.62,-124.0,190.0,0
8.625,-52.0,186.0,0
8.6301,111.0,186.0,0
8.6352,38.0,182.0,0
8.6402,-71.0,182.0,0
8.6449,-26.0,180.0,0
8.6503,2.0,178.0,0
8.655,1.0,176.0,0
8.6602,76.0,174.0,0
8.6649,51.0,174.0,0
8.6701,-122.0,176.0,0
8.675,-129.0,176.0,0
8.6799,93.0,176.0,0
8.685,188.0,178.0,0
8.6902,2.0,176.0,0
8.6951,-170.0,178.0,0
8.7,-94.0,176.0,0
8.705,90.0,176.0,0
8.71,122.0,176.0,0
8.7151,-34.0,176.0,0
8.7201,-116.0,174.0,0
8.7252,42.0,174.0,0
8.7302,124.0,174.0,0
8.7349,-74.0,176.0,0
8.7402,-134.0,176.0,0
8.7452,88.0,178.0,0
8.7501,108.0,178.0,0
8.755,-93.0,176.0,0
8.76,-48.0,172.0,0
8.7649,102.0,168.0,0
8.7702,-21.0,166.0,0
8.7753,-108.0,160.0,0
8.78,69.0,160.0,0
8.7852,99.0,156.0,0
8.7901,-69.0,156.0,0
8.795,-59.0,154.0,0
8.8001,36.0,154.0,0
8.8049,-6.0,154.0,0
8.8101,-1.0,152.0,0
8.815,61.0,154.0,0
8.82,-33.0,154.0,0
8.825,-85.0,154.0,0
8.8301,70.0,154.0,0
8.8351,97.0,154.0,0
8.84,-87.0,152.0,0
8.845,-112.0,152.0,0
8.8502,60.0,150.0,0
8.855,113.0,152.0,0
8.8601,1.0,148.0,0
8.8652,-88.0,150.0,0
8.8702,-59.0,148.0,0
8.8749,60.0,148.0,0
8.8799,79.0,148.0,0
8.8853,-55.0,148.0,0
8.8902,-77.0,148.0,0
8.895,52.0,150.0,0
8.8999,76.0,150.0,0
8.905,-7.0,150.0,0
8.91,-50.0,150.0,0
8.9152,-62.0,150.0,0
8.9201,-20.0,148.0,0
8.9251,86.0,148.0,0
8.93,85.0,148.0,0
8.935,-48.0,148.0,0
8.94,-86.0,148.0,0
8.945,14.0,146.0,0
8.9501,41.0,144.0,0
8.955,-34.0,144.0,0
8.96,-5.0,142.0,0
8.965,76.0,142.0,0
8.97,2.0,140.0,0
8.9751,-84.0,140.0,0
8.9801,-14.0,138.0,0
8.9851,47.0,138.0,0
8.9901,25.0,138.0,0
8.9949,8.0,138.0,0
9.0002,-20.0,138.0,0
9.0053,-51.0,138.0,0
9.0101,-14.0,136.0,0
9.015,60.0,136.0,0
9.02,65.0,136.0,0
9.025,-42.0,136.0,0
9.0304,-103.0,136.0,0
9.035,19.0,136.0,0
9.04,123.0,138.0,0
9.0449,15.0,136.0,0
9.0501,-113.0,138.0,0
9.0551,-74.0,136.0,0
9.06,46.0,136.0,0
9.0652,117.0,136.0,0
9.07,37.0,136.0,0
9.075,-106.0,136.0,0
9.0799,-45.0,136.0,0
9.0849,102.0,134.0,0
9.0903,-10.0,134.0,0
9.095,-168.0,134.0,0
9.1,15.0,134.0,0
9.105,231.0,134.0,0
9.11,66.0,134.0,0
9.115,-176.0,136.0,0
9.1201,-141.0,136.0,0
9.1251,20.0,136.0,0
9.1307,123.0,136.0,0
9.135,93.0,136.0,0
9.1401,-47.0,136.0,0
9.145,-80.0,134.0,0
9.1501,21.0,134.0,0
9.155,0.0,132.0,0
9.1599,-78.0,132.0,0
9.165,32.0,132.0,0
9.17,129.0,132.0,0
9.1751,-10.0,132.0,0
9.18,-87.0,134.0,0
9.185,21.0,132.0,0
9.19,-9.0,132.0,0
9.195,-97.0,132.0,0
9.2,66.0,134.0,0
9.2052,141.0,134.0,0
9.2101,-69.0,134.0,0
9.215,-63.0,134.0,0
9.22,82.0,136.0,0
9.2253,-91.0,136.0,0
9.2302,-139.0,138.0,0
9.2351,186.0,140.0,0
9.2402,180.0,142.0,0
9.2452,-161.0,144.0,0
9.2503,-132.0,144.0,0
9.255,81.0,144.0,0
9.2601,0.0,142.0,0
9.2652,-28.0,142.0,0
9.27,141.0,142.0,0
9.2749,14.0,142.0,0
9.28,-219.0,144.0,0
9.2851,-6.0,144.0,0
9.2904,202.0,146.0,0
9.295,-28.0,146.0,0
9.3001,-130.0,148.0,0
9.305,88.0,148.0,0
9.31,77.0,148.0,0
9.315,-138.0,148.0,0
9.32,-72.0,148.0,0
9.325,138.0,146.0,0
9.33,84.0,148.0,0
9.3352,-70.0,146.0,0
9.3401,-70.0,146.0,0
9.3451,-39.0,146.0,0
9.3501,27.0,144.0,0
9.355,117.0,144.0,0
9.3599,6.0,144.0,0
9.365,-107.0,144.0,0
9.37,4.0,142.0,0
9.3751,32.0,142.0,0
9.38,-59.0,140.0,0
9.385,39.0,140.0,0
9.39,116.0,140.0,0
9.395,-63.0,140.0,0
9.4,-131.0,140.0,0
9.4051,62.0,140.0,0
9.4102,123.0,142.0,0
9.4151,-69.0,142.0,0
9.4201,-149.0,142.0,0
9.4253,56.0,142.0,0
9.4303,198.0,144.0,0
9.4351,11.0,142.0,0
9.4401,-187.0,146.0,0
9.445,-72.0,146.0,0
9.45,93.0,148.0,0
9.4551,33.0,148.0,0
9.46,-16.0,148.0,0
9.465,90.0,148.0,0
9.47,43.0,146.0,0
9.475,-184.0,148.0,0
9.48,-133.0,148.0,0
9.485,176.0,150.0,0
9.4902,184.0,152.0,0
9.495,-106.0,152.0,0
9.5,-167.0,154.0,0
9.5049,52.0,154.0,0
9.5099,122.0,154.0,0
9.5151,-49.0,154.0,0
9.5202,-94.0,154.0,0
9.525,76.0,156.0,0
9.53,91.0,156.0,0
9.5349,-95.0,156.0,0
9.5399,-93.0,156.0,0
9.5451,93.0,158.0,0
9.55,78.0,158.0,0
9.555,-86.0,158.0,0
9.5599,-51.0,158.0,0
9.565,82.0,158.0,0
9.57,37.0,158.0,0
9.5751,-66.0,158.0,0
9.58,-49.0,158.0,0
9.585,33.0,158.0,0
9.5901,62.0,158.0,0
9.595,-11.0,158.0,0
9.6003,-46.0,158.0,0
9.6053,24.0,158.0,0
9.61,-1.0,158.0,0
9.615,-48.0,158.0,0
9.6201,49.0,158.0,0
9.6252,33.0,158.0,0
9.6302,-55.0,158.0,0
9.6351,26.0,158.0,0
9.6399,21.0,158.0,0
9.645,-85.0,158.0,0
9.6499,5.0,158.0,0
9.655,75.0,158.0,0
9.6602,-17.0,158.0,0
9.665,17.0,158.0,0
9.6699,68.0,158.0,0
9.675,-121.0,158.0,0
9.68,-168.0,160.0,0
9.6849,140.0,162.0,0
9.6904,241.0,164.0,0
9.695,-37.0,162.0,0
9.7001,-212.0,166.0,0
9.705,-116.0,166.0,0
9.71,98.0,166.0,0
9.7151,200.0,168.0,0
9.72,-3.0,168.0,0
9.7252,-171.0,168.0,0
9.73,3.0,168.0,0
9.7352,102.0,168.0,0
9.74,-59.0,168.0,0
9.7451,-79.0,166.0,0
9.75,76.0,166.0,0
9.755,82.0,164.0,0
9.76,-33.0,162.0,0
9.765,-29.0,162.0,0
9.7711,17.0,162.0,0
9.775,-73.0,160.0,0
9.78,-89.0,162.0,0
9.785,107.0,162.0,0
9.7901,171.0,164.0,0
9.795,-15.0,164.0,0
9.8001,-135.0,166.0,0
9.8054,-95.0,166.0,0
9.81,-6.0,164.0,0
9.8149,96.0,166.0,0
9.8199,117.0,166.0,0
9.8249,9.0,166.0,0
9.83,-103.0,168.0,0
9.8351,-117.0,168.0,0
9.8401,-2.0,166.0,0
9.845,140.0,166.0,0
9.85,113.0,168.0,0
9.855,-64.0,168.0,0
9.8606,-163.0,168.0,0
9.8649,-56.0,168.0,0
9.8699,124.0,168.0,0
9.8749,128.0,166.0,0
9.88,-30.0,164.0,0
9.885,-92.0,164.0,0
9.8901,-36.0,162.0,0
9.8952,-1.0,160.0,0
9.9001,42.0,162.0,0
9.905,48.0,162.0,0
9.9101,-23.0,160.0,0
9.9151,-31.0,160.0,0
9.9201,5.0,156.0,0
9.925,18.0,158.0,0
9.93,24.0,154.0,0
9.935,-37.0,154.0,0
9.9405,-79.0,154.0,0
9.9454,37.0,152.0,0
9.95,138.0,154.0,0
9.9551,20.0,152.0,0
9.96,-159.0,154.0,0
9.965,-98.0,152.0,0
9.97,138.0,154.0,0
9.9752,138.0,154.0,0
9.9801,-110.0,156.0,0
9.9849,-135.0,156.0,0
9.99,111.0,158.0,0
9.995,126.0,158.0,0
10.0,-131.0,160.0,0
10.0055,-108.0,160.0,0
10.0099,143.0,162.0,0
10.015,39.0,162.0,0
10.02,-156.0,164.0,0
10.0249,38.0,164.0,0
10.0302,182.0,164.0,0
10.0352,-16.0,164.0,0
10.0401,-177.0,164.0,0
10.045,-98.0,166.0,0
10.05,102.0,166.0,0
10.0549,179.0,166.0,0
10.06,-8.0,164.0,0
10.0651,-157.0,166.0,0
10.07,-22.0,164.0,0
10.075,75.0,164.0,0
10.0799,-7.0,162.0,0
10.085,5.0,160.0,0
10.0901,38.0,160.0,0
10.0951,-55.0,160.0,0
10.1,-24.0,160.0,0
10.105,62.0,160.0,0
10.1101,-25.0,160.0,0
10.115,-22.0,156.0,0
10.12,71.0,156.0,0
10.125,-61.0,154.0,0
10.13,-98.0,152.0,0
10.135,156.0,154.0,0
10.14,114.0,152.0,0
10.145,-193.0,156.0,0
10.15,-111.0,154.0,0
10.155,147.0,156.0,0
10.1599,61.0,156.0,0
10.165,-78.0,156.0,0
10.1699,9.0,154.0,0
10.1753,56.0,154.0,0
10.1801,-41.0,154.0,0
10.185,-74.0,152.0,0
10.1901,19.0,152.0,0
10.1949,84.0,152.0,0
10.2002,23.0,152.0,0
10.2054,-72.0,152.0,0
10.21,-71.0,152.0,0
10.215,48.0,152.0,0
10.22,108.0,152.0,0
10.225,-19.0,152.0,0
10.23,-100.0,152.0,0
10.2349,2.0,152.0,0
10.2402,38.0,152.0,0
10.2452,-11.0,152.0,0
10.2503,27.0,152.0,0
10.255,29.0,152.0,0
10.26,-50.0,152.0,0
10.2652,-24.0,152.0,0
10.27,26.0,152.0,0
10.275,-10.0,152.0,0
10.2799,14.0,152.0,0
10.2849,50.0,152.0,0
10.2901,-47.0,152.0,0
10.2952,-64.0,152.0,0
10.3,70.0,152.0,0
10.305,41.0,152.0,0
10.31,-102.0,154.0,0
10.3151,-13.0,152.0,0
10.3202,135.0,152.0,0
10.3249,18.0,150.0,0
10.3301,-124.0,148.0,0
10.3352,-32.0,148.0,0
10.3399,61.0,144.0,0
10.3449,2.0,144.0,0
10.35,-3.0,142.0,0
10.355,69.0,140.0,0
10.3599,6.0,140.0,0
10.3651,-117.0,138.0,0
10.37,-49.0,140.0,0
10.3751,94.0,140.0,0
10.3802,67.0,140.0,0
10.3852,-40.0,138.0,0
10.39,-49.0,138.0,0
10.395,28.0,138.0,0
10.4,38.0,138.0,0
10.4051,-67.0,138.0,0
10.4101,-51.0,138.0,0
10.415,111.0,140.0,0
10.4199,57.0,138.0,0
10.4251,-132.0,140.0,0
10.4301,-18.0,136.0,0
10.4352,156.0,140.0,0
10.4402,-44.0,138.0,0
10.4452,-206.0,140.0,0
10.45,58.0,140.0,0
10.4551,239.0,142.0,0
10.46,0.0,140.0,0
10.4651,-198.0,144.0,0
10.47,-64.0,144.0,0
10.475,110.0,142.0,0
10.4799,73.0,144.0,0
10.4849,-39.0,142.0,0
10.4901,-38.0,142.0,0
10.4951,-10.0,140.0,0
10.5001,0.0,138.0,0
10.5049,69.0,138.0,0
10.5099,22.0,136.0,0
10.5149,-120.0,136.0,0
10.5201,-27.0,136.0,0
10.5252,130.0,136.0,0
10.5301,38.0,136.0,0
10.535,-96.0,138.0,0
10.5399,-63.0,138.0,0
10.545,53.0,138.0,0
10.5501,80.0,140.0,0
10.5552,-39.0,140.0,0
10.5601,-75.0,140.0,0
10.5649,44.0,142.0,0
10.5701,52.0,142.0,0
10.575,-21.0,142.0,0
10.5801,0.0,140.0,0
10.5852,-21.0,140.0,0
10.5901,-77.0,140.0,0
10.595,42.0,140.0,0
10.6002,137.0,140.0,0
10.6055,-35.0,138.0,0
10.6101,-138.0,138.0,0
10.615,30.0,136.0,0
10.6203,87.0,136.0,0
10.6249,-52.0,134.0,0
10.6302,-17.0,134.0,0
10.6351,102.0,132.0,0
10.6401,-33.0,132.0,0
10.6452,-151.0,132.0,0
10.6499,33.0,130.0,0
10.655,155.0,132.0,0
10.66,19.0,130.0,0
10.6652,-119.0,132.0,0
10.6702,-93.0,130.0,0
10.675,112.0,132.0,0
10.6799,160.0,132.0,0
10.685,-176.0,132.0,0
10.6901,-212.0,134.0,0
10.695,236.0,134.0,0
10.7,218.0,138.0,0
10.705,-190.0,138.0,0
10.71,-126.0,140.0,0
10.7149,70.0,140.0,0
10.7202,-47.0,140.0,0
10.7249,6.0,140.0,0
10.7299,192.0,144.0,0
10.735,-10.0,142.0,0
10.74,-231.0,146.0,0
10.7451,-6.0,146.0,0
10.7501,206.0,148.0,0
10.755,35.0,148.0,0
10.7601,-166.0,150.0,0
10.765,-95.0,150.0,0
10.7699,74.0,150.0,0
10.7752,141.0,150.0,0
10.78,82.0,148.0,0
10.7851,-102.0,148.0,0
10.7901,-220.0,150.0,0
10.795,-7.0,148.0,0
10.8,233.0,150.0,0
10.8054,70.0,150.0,0
10.81,-133.0,152.0,0
10.8149,3.0,150.0,0
10.8199,65.0,152.0,0
10.8249,-138.0,152.0,0
10.83,-118.0,154.0,0
10.835,182.0,156.0,0
10.8401,206.0,158.0,0
10.845,-101.0,158.0,0
10.8499,-196.0,160.0,0
10.8549,2.0,160.0,0
10.8601,84.0,160.0,0
10.8649,20.0,160.0,0
10.87,15.0,158.0,0
10.8749,20.0,158.0,0
10.88,-35.0,158.0,0
10.8849,-82.0,160.0,0
10.8902,0.0,158.0,0
10.895,144.0,160.0,0
10.8999,66.0,160.0,0
10.905,-178.0,164.0,0
10.91,-156.0,166.0,0
10.9159,136.0,168.0,0
10.9205,231.0,170.0,0
10.9249,-29.0,170.0,0
10.93,-234.0,174.0,0
10.935,-61.0,174.0,0
10.94,175.0,174.0,0
10.9449,81.0,176.0,0
10.95,-139.0,176.0,0
10.955,-82.0,178.0,0
10.96,159.0,178.0,0
10.9652,142.0,180.0,0
10.97,-152.0,180.0,0
10.975,-236.0,184.0,0
10.98,56.0,184.0,0
10.985,249.0,186.0,0
10.9899,72.0,188.0,0
10.995,-140.0,190.0,0
11.0014,-120.0,190.0,0
11.0051,5.0,190.0,0
11.0099,50.0,190.0,0
11.0149,33.0,188.0,0
11.0199,47.0,188.0,0
11.0251,41.0,188.0,0
11.03,-68.0,188.0,0
11.035,-133.0,190.0,0
11.0399,16.0,190.0,0
11.0449,153.0,190.0,0
11.0499,27.0,190.0,0
11.055,-118.0,190.0,0
11.0599,-37.0,190.0,0
11.0649,97.0,190.0,0
11.07,52.0,190.0,0
11.075,-108.0,190.0,0
11.0799,-91.0,190.0,0
11.0849,97.0,188.0,0
11.0901,124.0,190.0,0
11.0952,-42.0,186.0,0
11.1,-120.0,188.0,0
11.1049,-26.0,186.0,0
11.1099,83.0,186.0,0
11.1149,78.0,186.0,0
11.1203,-21.0,184.0,0
11.125,-98.0,186.0,0
11.13,-50.0,186.0,0
11.1352,72.0,186.0,0
11.1399,92.0,188.0,0
11.1451,-14.0,188.0,0
11.1499,-85.0,188.0,0
11.155,-45.0,188.0,0
11.1599,57.0,188.0,0
11.165,102.0,188.0,0
11.1699,-38.0,188.0,0
11.1752,-164.0,188.0,0
11.18,23.0,188.0,0
11.1851,217.0,190.0,0
11.19,0.0,188.0,0
11.195,-223.0,192.0,0
11.2002,-10.0,190.0,0
11.205,177.0,192.0,0
11.2101,-20.0,192.0,0
11.215,-122.0,194.0,0
11.2199,74.0,196.0,0
11.2249,96.0,196.0,0
11.2301,-103.0,196.0,0
11.235,-105.0,198.0,0
11.24,89.0,196.0,0
11.245,129.0,198.0,0
11.25,-62.0,198.0,0
11.255,-133.0,198.0,0
11.2601,59.0,198.0,0
11.2652,111.0,200.0,0
11.27,-77.0,200.0,0
11.275,-89.0,200.0,0
11.28,74.0,200.0,0
11.2849,73.0,200.0,0
11.2903,-26.0,200.0,0
11.295,-40.0,198.0,0
11.3,-26.0,198.0,0
11.3049,-14.0,196.0,0
11.3099,26.0,194.0,0
11.315,42.0,194.0,0
11.3199,22.0,192.0,0
11.325,-2.0,190.0,0
11.33,-52.0,186.0,0
11.3349,-62.0,184.0,0
11.3399,27.0,180.0,0
11.3451,80.0,180.0,0
11.3499,29.0,178.0,0
11.355,-37.0,178.0,0
11.3599,-70.0,178.0,0
11.365,-21.0,178.0,0
11.3699,53.0,176.0,0
11.375,28.0,176.0,0
11.3799,9.0,172.0,0
11.385,43.0,172.0,0
11.39,-55.0,170.0,0
11.3949,-134.0,172.0,0
11.4,51.0,170.0,0
11.4051,167.0,172.0,0
11.41,-23.0,170.0,0
11.415,-124.0,170.0,0
11.4199,2.0,170.0,0
11.4249,35.0,168.0,0
11.4301,-8.0,164.0,0
11.4352,39.0,166.0,0
11.4402,48.0,162.0,0
11.4451,-39.0,162.0,0
11.4503,-81.0,162.0,0
11.4549,-28.0,162.0,0
11.4602,62.0,162.0,0
11.4651,73.0,160.0,0
11.4699,-27.0,158.0,0
11.475,-38.0,156.0,0
11.4799,57.0,154.0,0
11.4851,-31.0,154.0,0
11.4903,-153.0,152.0,0
11.4951,58.0,154.0,0
11.4999,226.0,156.0,0
11.5049,-29.0,156.0,0
11.51,-218.0,160.0,0
11.515,2.0,158.0,0
11.52,146.0,160.0,0
11.525,-30.0,160.0,0
11.53,-64.0,160.0,0
11.535,92.0,160.0,0
11.54,13.0,160.0,0
11.5451,-99.0,158.0,0
11.5501,11.0,156.0,0
11.555,10.0,154.0,0
11.5599,-59.0,150.0,0
11.565,89.0,152.0,0
11.57,142.0,150.0,0
11.5751,-85.0,150.0,0
11.5801,-192.0,150.0,0
11.5849,-5.0,150.0,0
11.59,155.0,150.0,0
11.595,63.0,150.0,0
11.6,-74.0,148.0,0
11.6053,-57.0,148.0,0
11.6102,24.0,146.0,0
11.615,66.0,142.0,0
11.6199,6.0,142.0,0
11.625,-115.0,140.0,0
11.6301,-62.0,140.0,0
11.6352,120.0,140.0,0
11.6401,97.0,138.0,0
11.6451,-27.0,140.0,0
11.65,-32.0,138.0,0
11.6552,-88.0,140.0,0
11.6604,-102.0,140.0,0
11.6651,129.0,142.0,0
11.67,184.0,144.0,0
11.675,-91.0,144.0,0
11.68,-137.0,144.0,0
11.6851,42.0,144.0,0
11.69,5.0,142.0,0
11.695,-24.0,142.0,0
11.7,100.0,142.0,0
11.7049,33.0,142.0,0
11.7099,-104.0,142.0,0
11.7151,-48.0,142.0,0
11.72,10.0,140.0,0
11.7249,60.0,140.0,0
11.73,108.0,140.0,0
11.735,-74.0,140.0,0
11.74,-184.0,140.0,0
11.7449,92.0,142.0,0
11.75,190.0,144.0,0
11.755,-99.0,144.0,0
11.7601,-132.0,146.0,0
11.7649,79.0,146.0,0
11.772,26.0,144.0,0
11.7749,-50.0,144.0,0
11.78,90.0,144.0,0
11.7851,37.0,144.0,0
11.79,-161.0,146.0,0
11.795,-48.0,146.0,0
11.8002,152.0,148.0,0
11.8052,73.0,148.0,0
11.8101,-71.0,148.0,0
11.8151,-98.0,146.0,0
11.8199,-29.0,146.0,0
11.8249,135.0,146.0,0
11.8302,105.0,146.0,0
11.835,-191.0,146.0,0
11.8401,-164.0,148.0,0
11.845,221.0,150.0,0
11.85,209.0,152.0,0
11.855,-170.0,154.0,0
11.86,-172.0,154.0,0
11.8649,87.0,154.0,0
11.8699,17.0,154.0,0
11.8749,-88.0,154.0,0
11.8799,143.0,154.0,0
11.8849,185.0,154.0,0
11.8901,-176.0,156.0,0
11.895,-263.0,158.0,0
11.9,100.0,160.0,0
11.905,220.0,160.0,0
11.91,-50.0,160.0,0
11.915,-83.0,160.0,0
11.9201,108.0,160.0,0
11.9249,-35.0,160.0,0
11.93,-214.0,164.0,0
11.9353,69.0,164.0,0
11.9399,272.0,168.0,0
11.9451,-43.0,168.0,0
11.95,-260.0,172.0,0
11.9549,1.0,172.0,0
11.96,196.0,174.0,0
11.965,47.0,174.0,0
11.97,-87.0,174.0,0
11.9749,-99.0,176.0,0
11.9801,-45.0,176.0,0
11.9849,127.0,176.0,0
11.9901,142.0,178.0,0
11.995,-124.0,180.0,0
12.0003,-145.0,180.0,0
12.0051,120.0,182.0,0
12.0099,70.0,182.0,0
12.0149,-130.0,184.0,0
12.0199,5.0,184.0,0
12.0249,123.0,186.0,0
12.0301,-25.0,186.0,0
12.035,-78.0,184.0,0
12.0401,-5.0,184.0,0
12.0449,16.0,182.0,0
12.0499,37.0,182.0,0
12.055,34.0,180.0,0
12.06,-39.0,180.0,0
12.0651,-58.0,180.0,0
12.0699,20.0,180.0,0
12.0749,56.0,182.0,0
12.0799,12.0,180.0,0
12.0849,-41.0,180.0,0
12.0903,-60.0,180.0,0
12.0952,11.0,180.0,0
12.1,107.0,180.0,0
12.105,46.0,180.0,0
12.11,-116.0,182.0,0
12.115,-107.0,182.0,0
12.1201,71.0,184.0,0
12.125,112.0,184.0,0
12.1301,-19.0,182.0,0
12.1352,-51.0,182.0,0
12.1399,26.0,180.0,0
12.1449,-25.0,178.0,0
12.1501,-81.0,176.0,0
12.155,99.0,178.0,0
12.1599,139.0,178.0,0
12.1649,-164.0,180.0,0
12.17,-194.0,182.0,0
12.1753,179.0,184.0,0
12.1801,225.0,188.0,0
12.1849,-122.0,188.0,0
12.19,-187.0,190.0,0
12.195,49.0,190.0,0
12.2001,105.0,192.0,0
12.205,-15.0,190.0,0
12.2101,-51.0,188.0,0
12.215,16.0,188.0,0
12.2199,40.0,186.0,0
12.2249,-31.0,186.0,0
12.2301,-27.0,184.0,0
12.235,57.0,184.0,0
12.2402,13.0,182.0,0
12.2449,-69.0,182.0,0
12.2502,-27.0,184.0,0
12.255,29.0,182.0,0
12.2604,39.0,182.0,0
12.265,45.0,182.0,0
12.2699,8.0,182.0,0
12.2749,-92.0,180.0,0
12.2799,-108.0,180.0,0
12.2852,70.0,182.0,0
12.2901,188.0,184.0,0
12.2949,5.0,182.0,0
12.3,-193.0,184.0,0
12.3049,-82.0,184.0,0
12.31,129.0,182.0,0
12.315,122.0,182.0,0
12.32,-48.0,182.0,0
12.3251,-117.0,182.0,0
12.3301,-12.0,182.0,0
12.3349,77.0,184.0,0
12.3399,70.0,184.0,0
12.3448,1.0,182.0,0
12.35,-136.0,184.0,0
12.3552,-113.0,184.0,0
12.3599,148.0,186.0,0
12.3649,190.0,188.0,0
12.3699,-53.0,188.0,0
12.3751,-153.0,188.0,0
12.3801,-91.0,188.0,0
12.385,28.0,186.0,0
12.3901,180.0,186.0,0
12.3949,81.0,186.0,0
12.4002,-176.0,186.0,0
12.4054,-118.0,188.0,0
12.41,123.0,188.0,0
12.4149,101.0,190.0,0
12.4199,-60.0,188.0,0
12.425,-58.0,190.0,0
12.4301,-8.0,186.0,0
12.4349,-2.0,186.0,0
12.4406,59.0,184.0,0
12.4454,66.0,184.0,0
12.45,-62.0,184.0,0
12.4553,-104.0,184.0,0
12.4605,29.0,184.0,0
12.4662,102.0,184.0,0
12.4699,-3.0,182.0,0
12.4753,-74.0,180.0,0
12.4801,1.0,178.0,0
12.4852,43.0,176.0,0
12.49,-1.0,172.0,0
12.4955,-17.0,170.0,0
12.5,-23.0,168.0,0
12.5051,-23.0,166.0,0
12.5101,50.0,166.0,0
12.5152,83.0,166.0,0
12.5199,-27.0,164.0,0
12.5256,-116.0,164.0,0
12.5304,-34.0,162.0,0
12.5351,99.0,160.0,0
12.5399,52.0,158.0,0
12.5453,-85.0,156.0,0
12.5499,25.0,156.0,0
12.5555,123.0,156.0,0
12.5601,-157.0,158.0,0
12.5651,-186.0,160.0,0
12.5703,238.0,160.0,0
12.5753,200.0,162.0,0
12.5805,-206.0,162.0,0
12.5856,-102.0,162.0,0
12.5905,122.0,160.0,0
12.5951,-94.0,162.0,0
12.6001,-104.0,160.0,0
12.6052,271.0,164.0,0
12.6101,181.0,164.0,0
12.615,-303.0,168.0,0
12.6201,-247.0,172.0,0
12.6251,197.0,172.0,0
12.6302,201.0,174.0,0
12.6355,-71.0,172.0,0
12.6407,-82.0,172.0,0
12.6454,3.0,170.0,0
12.6501,16.0,168.0,0
12.6551,48.0,168.0,0
12.6605,-39.0,168.0,0
12.6654,-131.0,168.0,0
12.6704,72.0,168.0,0
12.6751,203.0,170.0,0
12.6799,-61.0,172.0,0
12.6851,-192.0,174.0,0
12.6901,47.0,174.0,0
12.6956,117.0,176.0,0
12.6999,-60.0,176.0,0
12.705,-71.0,176.0,0
12.7099,51.0,176.0,0
12.7149,59.0,176.0,0
12.7205,12.0,176.0,0
12.7254,27.0,176.0,0
12.7307,-65.0,176.0,0
12.7352,-224.0,180.0,0
12.7401,42.0,180.0,0
12.7451,400.0,184.0,0
12.7499,21.0,184.0,0
12.7551,-410.0,188.0,0
12.7603,-42.0,188.0,0
12.7651,275.0,190.0,0
12.7707,2.0,190.0,0
12.7761,-115.0,190.0,0
12.7804,60.0,192.0,0
12.7854,11.0,190.0,0
12.7905,-128.0,192.0,0
12.7952,17.0,190.0,0
12.8002,186.0,192.0,0
12.8054,8.0,188.0,0
12.8099,-187.0,188.0,0
12.8153,-33.0,186.0,0
12.82,126.0,184.0,0
12.825,4.0,182.0,0
12.8301,-64.0,180.0,0
12.8356,52.0,182.0,0
12.8404,47.0,180.0,0
12.8456,-64.0,180.0,0
12.8501,-57.0,180.0,0
12.8549,7.0,180.0,0
12.8604,71.0,182.0,0
12.8649,57.0,182.0,0
12.8705,-106.0,182.0,0
12.8751,-82.0,184.0,0
12.8804,155.0,186.0,0
12.8852,78.0,186.0,0
12.8906,-156.0,188.0,0
12.8959,-43.0,188.0,0
12.9002,86.0,188.0,0
12.9051,-58.0,188.0,0
12.9101,-16.0,190.0,0
12.9151,194.0,190.0,0
12.9201,7.0,190.0,0
12.925,-261.0,192.0,0
12.9304,-31.0,190.0,0
12.9354,212.0,192.0,0
12.9399,37.0,190.0,0
12.9453,-111.0,190.0,0
12.9499,-22.0,190.0,0
12.9551,56.0,188.0,0
12.9603,20.0,188.0,0
12.9651,-76.0,188.0,0
12.9703,-51.0,188.0,0
12.9755,119.0,188.0,0
12.9804,89.0,188.0,0
12.9854,-138.0,190.0,0
12.9903,-84.0,190.0,0
12.9951,141.0,190.0,0
13.0002,31.0,188.0,0
13.0056,-151.0,188.0,0
13.0104,11.0,188.0,0
13.0151,139.0,188.0,0
13.02,-13.0,186.0,0
13.025,-57.0,186.0,0
13.0301,25.0,184.0,0
13.035,-55.0,184.0,0
13.0404,-82.0,182.0,0
13.0454,91.0,182.0,0
13.0501,117.0,182.0,0
13.0552,-22.0,180.0,0
13.0602,-66.0,180.0,0
13.0654,-73.0,180.0,0
13.0699,-35.0,180.0,0
13.0751,127.0,182.0,0
13.0801,118.0,184.0,0
13.0851,-127.0,184.0,0
13.0904,-155.0,186.0,0
13.0949,78.0,186.0,0
13.1006,134.0,188.0,0
13.105,1.0,186.0,0
13.1106,-46.0,186.0,0
13.1151,-32.0,186.0,0
13.1207,-58.0,186.0,0
13.1249,-70.0,188.0,0
13.1299,52.0,188.0,0
13.1349,241.0,192.0,0
13.1401,116.0,192.0,0
13.1453,-301.0,198.0,0
13.15,-312.0,202.0,0
13.1555,202.0,204.0,0
13.1602,354.0,208.0,0
13.1657,-79.0,208.0,0
13.1705,-225.0,210.0,0
13.1754,69.0,210.0,0
13.1807,66.0,210.0,0
13.1855,-166.0,212.0,0
13.1901,10.0,212.0,0
13.195,251.0,214.0,0
13.2003,-25.0,212.0,0
13.2051,-247.0,212.0,0
13.21,39.0,210.0,0
13.215,198.0,210.0,0
13.2201,-54.0,206.0,0
13.2251,-162.0,208.0,0
13.23,53.0,206.0,0
13.2355,135.0,208.0,0
13.2407,-56.0,206.0,0
13.2456,-98.0,204.0,0
13.2501,87.0,202.0,0
13.2551,79.0,200.0,0
13.2602,-117.0,198.0,0
13.2654,-112.0,196.0,0
13.2702,85.0,194.0,0
13.2749,165.0,196.0,0
13.2801,19.0,194.0,0
13.2853,-159.0,196.0,0
13.2905,-119.0,198.0,0
13.2954,89.0,200.0,0
13.2999,146.0,200.0,0
13.3051,-24.0,200.0,0
13.3102,-118.0,200.0,0
13.3152,2.0,196.0,0
13.3204,81.0,196.0,0
13.3254,-7.0,194.0,0
13.3306,-53.0,194.0,0
13.335,25.0,192.0,0
13.3401,39.0,192.0,0
13.3453,-35.0,192.0,0
13.3508,-26.0,192.0,0
13.355,23.0,190.0,0
13.36,-10.0,190.0,0
13.3651,-4.0,190.0,0
13.3701,64.0,190.0,0
13.3754,6.0,188.0,0
13.3804,-86.0,188.0,0
13.3854,-28.0,182.0,0
13.3905,53.0,182.0,0
13.3952,58.0,176.0,0
13.3999,13.0,176.0,0
13.4055,-91.0,174.0,0
13.4104,-90.0,174.0,0
13.4151,109.0,174.0,0
13.4201,141.0,176.0,0
13.4251,-99.0,178.0,0
13.4301,-130.0,178.0,0
13.435,81.0,178.0,0
13.44,62.0,176.0,0
13.4451,-74.0,178.0,0
13.4499,18.0,174.0,0
13.455,77.0,176.0,0
13.4602,-78.0,174.0,0
13.4649,-79.0,176.0,0
13.4699,102.0,176.0,0
13.4749,72.0,178.0,0
13.48,-84.0,178.0,0
13.485,-44.0,178.0,0
13.4901,52.0,178.0,0
13.4949,4.0,178.0,0
13.5,-35.0,176.0,0
13.5049,37.0,176.0,0
13.5099,37.0,176.0,0
13.515,-75.0,176.0,0
13.52,-48.0,174.0,0
13.525,94.0,174.0,0
13.53,49.0,172.0,0
13.535,-92.0,172.0,0
13.54,-32.0,172.0,0
13.5451,105.0,172.0,0
13.5501,36.0,172.0,0
13.555,-141.0,172.0,0
13.5601,-89.0,174.0,0
13.5649,132.0,172.0,0
13.5699,136.0,174.0,0
13.575,-46.0,170.0,0
13.58,-93.0,172.0,0
13.5851,-25.0,170.0,0
13.5901,-18.0,170.0,0
13.595,-6.0,170.0,0
13.5999,75.0,170.0,0
13.6051,82.0,170.0,0
13.61,-18.0,170.0,0
13.615,-63.0,168.0,0
13.6199,-56.0,168.0,0
13.6249,-67.0,168.0,0
13.6299,32.0,166.0,0
13.6351,192.0,168.0,0
13.6401,72.0,168.0,0
13.645,-217.0,168.0,0
13.65,-155.0,170.0,0
13.6549,162.0,172.0,0
13.6601,172.0,174.0,0
13.6651,-86.0,174.0,0
13.67,-145.0,176.0,0
13.6749,17.0,176.0,0
13.6799,110.0,176.0,0
13.6849,45.0,176.0,0
13.6902,-84.0,174.0,0
13.695,-93.0,176.0,0
13.7,52.0,176.0,0
13.705,91.0,176.0,0
13.7099,-11.0,176.0,0
13.715,-20.0,174.0,0
13.7202,2.0,172.0,0
13.725,-57.0,170.0,0
13.7299,-45.0,170.0,0
13.7349,62.0,170.0,0
13.74,98.0,168.0,0
13.745,1.0,168.0,0
13.7499,-132.0,170.0,0
13.755,-78.0,170.0,0
13.76,145.0,172.0,0
13.7649,135.0,172.0,0
13.7731,-124.0,174.0,0
13.7749,-134.0,172.0,0
13.7801,46.0,172.0,0
13.7851,11.0,166.0,0
13.79,17.0,162.0,0
13.7949,211.0,162.0,0
13.7999,56.0,158.0,0
13.8052,-345.0,162.0,0
13.8101,-226.0,162.0,0
13.815,241.0,164.0,0
13.8199,282.0,168.0,0
13.825,-10.0,166.0,0
13.83,-131.0,168.0,0
13.8351,-100.0,164.0,0
13.8401,-67.0,166.0,0
13.8452,10.0,162.0,0
13.8501,114.0,164.0,0
13.855,108.0,162.0,0
13.8599,-19.0,162.0,0
13.865,-97.0,160.0,0
13.8701,-45.0,160.0,0
13.8749,3.0,158.0,0
13.8799,0.0,158.0,0
13.8849,36.0,156.0,0
13.8901,80.0,156.0,0
13.8949,19.0,154.0,0
13.8999,-102.0,154.0,0
13.905,-99.0,154.0,0
13.9099,52.0,154.0,0
13.9149,97.0,152.0,0
13.9201,-17.0,152.0,0
13.925,-18.0,150.0,0
13.93,61.0,150.0,0
13.9349,-23.0,148.0,0
13.9399,-61.0,148.0,0
13.9449,11.0,148.0,0
13.95,-149.0,148.0,0
13.955,-104.0,150.0,0
13.96,468.0,156.0,0
13.9649,401.0,162.0,0
13.9699,-596.0,170.0,0
13.975,-757.0,182.0,0
13.9801,380.0,186.0,0
13.9851,886.0,200.0,0
13.99,7.0,200.0,0
13.995,-649.0,210.0,0
13.9999,-236.0,214.0,0
14.005,245.0,216.0,0
14.01,195.0,218.0,0
14.0149,-2.0,218.0,0
14.02,-95.0,220.0,0
14.025,-8.0,218.0,0
14.0299,137.0,220.0,0
14.0351,-15.0,220.0,0
14.0402,-250.0,224.0,0
14.0451,-47.0,222.0,0
14.05,242.0,224.0,0
14.055,102.0,224.0,0
14.0601,-65.0,224.0,0
14.0651,-43.0,222.0,0
14.0701,-171.0,224.0,0
14.075,-93.0,224.0,0
14.08,333.0,228.0,0
14.0849,200.0,230.0,0
14.0902,-369.0,236.0,0
14.0952,-220.0,238.0,0
14.0999,317.0,242.0,0
14.105,165.0,242.0,0
14.11,-236.0,244.0,0
14.1151,-88.0,244.0,0
14.1199,154.0,246.0,0
14.1251,22.0,246.0,0
14.13,-73.0,246.0,0
14.1349,39.0,246.0,0
14.1399,19.0,246.0,0
14.1451,-93.0,246.0,0
14.1501,-15.0,246.0,0
14.1551,121.0,248.0,0
14.16,15.0,246.0,0
14.1649,-144.0,248.0,0
14.1699,61.0,248.0,0
14.1751,180.0,250.0,0
14.18,-226.0,252.0,0
14.1849,-205.0,254.0,0
14.1899,396.0,260.0,0
14.1949,199.0,260.0,0
14.2,-462.0,266.0,0
14.2052,-181.0,266.0,0
14.21,374.0,270.0,0
14.215,153.0,272.0,0
14.2199,-189.0,274.0,0
14.2249,-109.0,276.0,0
14.2299,24.0,276.0,0
14.235,93.0,276.0,0
14.2401,60.0,276.0,0
14.2451,-159.0,278.0,0
14.2501,-110.0,278.0,0
14.255,246.0,282.0,0
14.26,165.0,284.0,0
14.265,-240.0,286.0,0
14.27,-170.0,288.0,0
14.2749,144.0,288.0,0
14.2799,87.0,288.0,0
14.2852,-47.0,286.0,0
14.2901,8.0,282.0,0
14.2949,-28.0,280.0,0
14.2999,-18.0,278.0,0
14.3049,102.0,278.0,0
14.3099,-94.0,278.0,0
14.3149,-153.0,280.0,0
14.3201,300.0,282.0,0
14.325,173.0,284.0,0
14.33,-491.0,292.0,0
14.3349,-186.0,292.0,0
14.3401,526.0,300.0,0
14.3451,170.0,302.0,0
14.3501,-377.0,308.0,0
14.355,-77.0,308.0,0
14.36,163.0,310.0,0
14.365,-57.0,310.0,0
14.3699,4.0,310.0,0
14.3751,147.0,312.0,0
14.38,-102.0,312.0,0
14.3852,-154.0,314.0,0
14.39,147.0,314.0,0
14.3949,103.0,314.0,0
14.3999,-157.0,314.0,0
14.405,-49.0,314.0,0
14.4101,115.0,314.0,0
14.4149,9.0,312.0,0
14.4199,-17.0,310.0,0
14.4249,66.0,312.0,0
14.43,-66.0,312.0,0
14.4349,-194.0,312.0,0
14.4401,47.0,312.0,0
14.4451,276.0,310.0,0
14.45,67.0,308.0,0
14.455,-214.0,308.0,0
14.4601,-169.0,306.0,0
14.4652,54.0,306.0,0
14.47,161.0,308.0,0
14.475,69.0,306.0,0
14.4799,-63.0,306.0,0
14.4849,-80.0,308.0,0
14.4902,-27.0,306.0,0
14.4951,10.0,304.0,0
14.5,59.0,306.0,0
14.5049,62.0,304.0,0
14.5099,-53.0,306.0,0
14.5149,-80.0,306.0,0
14.5201,68.0,308.0,0
14.525,56.0,308.0,0
14.5301,-126.0,308.0,0
14.5349,-65.0,310.0,0
14.5406,177.0,310.0,0
14.5449,128.0,310.0,0
14.55,-162.0,312.0,0
14.5551,-178.0,314.0,0
14.56,88.0,314.0,0
14.565,155.0,316.0,0
14.57,-18.0,316.0,0
14.5752,-85.0,318.0,0
14.58,7.0,316.0,0
14.5849,34.0,316.0,0
14.59,-41.0,316.0,0
14.5949,-28.0,314.0,0
14.5999,63.0,308.0,0
14.605,30.0,302.0,0
14.61,-55.0,294.0,0
14.615,-12.0,282.0,0
14.6199,48.0,276.0,0
14.6249,10.0,262.0,0
14.6301,-59.0,264.0,0
14.6351,-54.0,254.0,0
14.6402,88.0,252.0,0
14.6451,114.0,250.0,0
14.6499,-140.0,250.0,0
14.6552,-147.0,252.0,0
14.6603,197.0,252.0,0
14.665,142.0,256.0,0
14.6702,-203.0,256.0,0
14.6749,-91.0,258.0,0
14.6799,136.0,256.0,0
14.6849,-3.0,254.0,0
14.69,-37.0,252.0,0
14.695,89.0,252.0,0
14.6999,-61.0,252.0,0
14.7049,-139.0,252.0,0
14.7099,153.0,252.0,0
14.7151,181.0,254.0,0
14.72,-189.0,252.0,0
14.7251,-201.0,252.0,0
14.7301,146.0,248.0,0
14.7349,139.0,246.0,0
14.74,-82.0,244.0,0
14.7451,-16.0,240.0,0
14.7501,49.0,238.0,0
14.7551,-94.0,238.0,0
14.76,-41.0,236.0,0
14.765,163.0,238.0,0
14.77,49.0,238.0,0
14.775,-171.0,240.0,0
14.78,-47.0,240.0,0
14.7851,108.0,240.0,0
14.79,-13.0,240.0,0
14.7949,-38.0,240.0,0
14.7999,118.0,242.0,0
14.8053,42.0,240.0,0
14.8101,-167.0,242.0,0
14.8152,-107.0,240.0,0
14.82,100.0,238.0,0
14.8249,127.0,236.0,0
14.8301,26.0,232.0,0
14.835,-44.0,228.0,0
14.8401,-109.0,224.0,0
14.845,-71.0,222.0,0
14.8499,111.0,218.0,0
14.8549,110.0,216.0,0
14.8599,-96.0,216.0,0
14.8651,-62.0,214.0,0
14.8701,126.0,216.0,0
14.875,2.0,214.0,0
14.88,-175.0,216.0,0
14.8851,28.0,214.0,0
14.8902,180.0,216.0,0
14.895,-44.0,212.0,0
14.9,-121.0,212.0,0
14.9049,71.0,210.0,0
14.9099,16.0,206.0,0
14.9148,-115.0,206.0,0
14.9201,85.0,206.0,0
14.925,149.0,208.0,0
14.9301,-132.0,210.0,0
14.9349,-153.0,212.0,0
14.9399,94.0,212.0,0
14.9449,141.0,214.0,0
14.9499,28.0,212.0,0
14.955,-116.0,212.0,0
14.9599,-195.0,210.0,0
14.9649,56.0,208.0,0
14.9699,331.0,206.0,0
14.9749,37.0,204.0,0
14.9802,-378.0,202.0,0
14.985,-125.0,200.0,0
14.99,332.0,200.0,0
14.9949,162.0,202.0,0
15.0,-230.0,202.0,0
15.0052,-136.0,204.0,0
15.0099,127.0,206.0,0
15.0149,66.0,204.0,0
15.0199,-73.0,204.0,0
15.0249,11.0,202.0,0
15.0299,112.0,200.0,0
15.0352,-47.0,200.0,0
15.0399,-234.0,202.0,0
15.045,-4.0,200.0,0
15.0499,334.0,204.0,0
15.0549,115.0,206.0,0
15.06,-304.0,210.0,0
15.0649,-190.0,212.0,0
15.0699,168.0,214.0,0
15.075,211.0,214.0,0
15.08,-34.0,214.0,0
15.085,-251.0,214.0,0
15.09,-44.0,212.0,0
15.0951,326.0,214.0,0
15.0999,91.0,214.0,0
15.105,-344.0,218.0,0
15.1099,-107.0,218.0,0
15.1149,253.0,220.0,0
15.1199,68.0,220.0,0
15.1251,-110.0,220.0,0
15.13,14.0,220.0,0
15.1348,0.0,220.0,0
15.14,-88.0,220.0,0
15.1451,50.0,220.0,0
15.1499,124.0,222.0,0
15.155,-69.0,222.0,0
15.1599,-138.0,222.0,0
15.1649,70.0,222.0,0
15.1699,143.0,222.0,0
15.175,-23.0,222.0,0
15.1802,-131.0,222.0,0
15.1849,-91.0,220.0,0
15.1899,76.0,220.0,0
15.1952,233.0,220.0,0
15.1999,32.0,220.0,0
15.2052,-301.0,222.0,0
15.21,-145.0,224.0,0
15.2149,228.0,226.0,0
15.2199,159.0,228.0,0
15.2249,-69.0,230.0,0
15.23,-27.0,228.0,0
15.2351,-48.0,230.0,0
15.2402,-167.0,230.0,0
15.245,40.0,230.0,0
15.2501,271.0,234.0,0
15.255,57.0,236.0,0
15.26,-191.0,238.0,0
15.2649,-125.0,240.0,0
15.2699,-5.0,238.0,0
15.2749,89.0,238.0,0
15.28,152.0,240.0,0
15.2848,3.0,238.0,0
15.2902,-158.0,238.0,0
15.2951,-66.0,238.0,0
15.2999,55.0,234.0,0
15.3049,52.0,234.0,0
15.3099,73.0,232.0,0
15.3149,54.0,230.0,0
15.3199,-143.0,230.0,0
15.325,-226.0,234.0,0
15.3299,103.0,236.0,0
15.335,375.0,240.0,0
15.3399,6.0,240.0,0
15.3451,-415.0,244.0,0
15.3499,-78.0,242.0,0
15.355,337.0,244.0,0
15.3599,44.0,242.0,0
15.3649,-213.0,242.0,0
15.3699,59.0,242.0,0
15.3756,118.0,240.0,0
15.38,-145.0,242.0,0
15.385,-69.0,242.0,0
15.3899,162.0,244.0,0
15.395,57.0,244.0,0
15.4002,-118.0,246.0,0
15.4053,-85.0,244.0,0
15.4099,53.0,244.0,0
15.4149,120.0,244.0,0
15.4199,-12.0,242.0,0
15.4249,-118.0,242.0,0
15.4299,14.0,242.0,0
15.4349,82.0,244.0,0
15.4401,-20.0,242.0,0
15.4451,-36.0,242.0,0
15.4499,-18.0,240.0,0
15.4551,-22.0,238.0,0
15.4601,77.0,238.0,0
15.465,95.0,238.0,0
15.4699,-73.0,238.0,0
15.4749,-132.0,240.0,0
15.4803,-21.0,238.0,0
15.4849,82.0,238.0,0
15.4902,122.0,238.0,0
15.495,7.0,236.0,0
15.5,-144.0,238.0,0
15.5049,-26.0,236.0,0
15.5099,109.0,236.0,0
15.5149,-47.0,238.0,0
15.5199,-86.0,236.0,0
15.525,113.0,238.0,0
15.5299,82.0,236.0,0
15.5349,-95.0,236.0,0
15.54,-47.0,236.0,0
15.5451,45.0,234.0,0
15.5499,-22.0,236.0,0
15.555,-35.0,234.0,0
15.5599,59.0,234.0,0
15.5649,37.0,232.0,0
15.5699,-39.0,230.0,0
15.5749,2.0,228.0,0
15.58,40.0,228.0,0
15.5851,-50.0,226.0,0
15.59,-105.0,226.0,0
15.5948,32.0,226.0,0
15.6001,143.0,224.0,0
15.6053,29.0,224.0,0
15.61,-65.0,220.0,0
15.6149,-26.0,220.0,0
15.6199,-54.0,214.0,0
15.625,-65.0,214.0,0
15.6299,89.0,210.0,0
15.6351,162.0,210.0,0
15.6401,-25.0,206.0,0
15.6451,-215.0,208.0,0
15.6499,-64.0,208.0,0
15.655,239.0,210.0,0
15.6599,131.0,210.0,0
15.665,-238.0,214.0,0
15.67,-146.0,214.0,0
15.6749,208.0,218.0,0
15.6799,106.0,216.0,0
15.685,-171.0,218.0,0
15.6899,-50.0,214.0,0
15.6949,159.0,214.0,0
15.6999,29.0,210.0,0
15.7051,-180.0,210.0,0
15.7099,-66.0,208.0,0
15.7149,194.0,208.0,0
15.7204,130.0,210.0,0
15.7252,-165.0,208.0,0
15.73,-147.0,210.0,0
15.7349,107.0,206.0,0
15.7399,71.0,206.0,0
15.7449,-50.0,202.0,0
15.7499,53.0,200.0,0
15.7549,-13.0,196.0,0
15.7599,-149.0,198.0,0
15.7649,89.0,198.0,0
15.7742,187.0,200.0,0
15.7749,-143.0,202.0,0
15.78,-163.0,204.0,0
15.7852,158.0,206.0,0
15.7899,107.0,206.0,0
15.7951,-141.0,206.0,0
15.8,-87.0,206.0,0
15.8051,74.0,206.0,0
15.8099,105.0,206.0,0
15.8149,38.0,206.0,0
15.8199,-91.0,204.0,0
15.8249,-135.0,206.0,0
15.8298,28.0,204.0,0
15.835,173.0,204.0,0
15.8401,34.0,204.0,0
15.845,-157.0,202.0,0
15.8499,-54.0,200.0,0
15.8549,114.0,198.0,0
15.86,32.0,196.0,0
15.865,-70.0,196.0,0
15.87,9.0,196.0,0
15.8749,48.0,196.0,0
15.8799,-55.0,194.0,0
15.8849,-45.0,194.0,0
15.8901,89.0,192.0,0
15.8951,42.0,192.0,0
15.9,-104.0,190.0,0
15.9049,-31.0,188.0,0
15.9099,90.0,190.0,0
15.9149,18.0,188.0,0
15.9199,-43.0,186.0,0
15.925,-8.0,186.0,0
15.9301,3.0,184.0,0
15.9349,3.0,184.0,0
15.94,-24.0,184.0,0
15.9451,-5.0,182.0,0
15.95,107.0,182.0,0
15.955,26.0,182.0,0
15.9599,-197.0,184.0,0
15.9649,-76.0,180.0,0
15.9699,235.0,184.0,0
15.9751,132.0,180.0,0
15.98,-207.0,182.0,0
15.985,-148.0,178.0,0
15.9902,134.0,180.0,0
15.9949,97.0,176.0,0
15.9999,-46.0,176.0,0
16.0052,-5.0,172.0,0
16.0101,-20.0,172.0,0
16.0149,-68.0,170.0,0
16.0203,44.0,170.0,0
16.025,77.0,170.0,0
16.0299,-36.0,168.0,0
16.0349,-25.0,166.0,0
16.0401,27.0,166.0,0
16.0451,-51.0,164.0,0
16.0502,-31.0,164.0,0
16.0549,113.0,164.0,0
16.0601,64.0,166.0,0
16.0651,-122.0,166.0,0
16.0699,-134.0,168.0,0
16.0749,55.0,166.0,0
16.0799,204.0,170.0,0
16.0849,66.0,170.0,0
16.0902,-219.0,174.0,0
16.095,-179.0,176.0,0
16.1,161.0,176.0,0
16.1049,202.0,178.0,0
16.11,-74.0,178.0,0
16.115,-111.0,178.0,0
16.1203,26.0,178.0,0
16.1249,-27.0,178.0,0
16.13,-41.0,176.0,0
16.1349,114.0,178.0,0
16.1399,66.0,176.0,0
16.1449,-120.0,178.0,0
16.1501,-55.0,178.0,0
16.1549,95.0,178.0,0
16.1599,30.0,178.0,0
16.1649,-90.0,176.0,0
16.1699,-38.0,176.0,0
16.1751,123.0,176.0,0
16.18,76.0,178.0,0
16.185,-179.0,180.0,0
16.1899,-121.0,180.0,0
16.1951,231.0,184.0,0
16.2,172.0,186.0,0
16.2054,-244.0,188.0,0
16.21,-221.0,192.0,0
16.215,199.0,194.0,0
16.22,230.0,198.0,0
16.225,-119.0,198.0,0
16.23,-182.0,200.0,0
16.2349,44.0,200.0,0
16.2399,110.0,200.0,0
16.2449,6.0,200.0,0
16.2499,-53.0,200.0,0
16.2549,-20.0,198.0,0
16.2601,24.0,198.0,0
16.2649,1.0,198.0,0
16.2699,-24.0,196.0,0
16.2749,22.0,194.0,0
16.28,21.0,194.0,0
16.2849,-40.0,192.0,0
16.29,28.0,190.0,0
16.2951,78.0,188.0,0
16.3,-106.0,188.0,0
16.3049,-141.0,186.0,0
16.3099,139.0,186.0,0
16.315,179.0,186.0,0
16.3202,-102.0,186.0,0
16.325,-153.0,186.0,0
16.33,57.0,186.0,0
16.3349,91.0,184.0,0
16.3399,-63.0,186.0,0
16.3449,-48.0,184.0,0
16.35,114.0,184.0,0
16.355,50.0,182.0,0
16.3599,-165.0,182.0,0
16.3649,-82.0,180.0,0
16.37,179.0,182.0,0
16.3751,127.0,182.0,0
16.3801,-137.0,182.0,0
16.385,-161.0,184.0,0
16.39,53.0,184.0,0
16.395,162.0,186.0,0
16.4006,16.0,184.0,0
16.4052,-128.0,186.0,0
16.4102,-17.0,182.0,0
16.4149,94.0,182.0,0
16.42,-42.0,180.0,0
16.425,-91.0,178.0,0
16.4299,97.0,178.0,0
16.4349,97.0,178.0,0
16.4399,-85.0,178.0,0
16.4449,-61.0,178.0,0
16.4502,16.0,176.0,0
16.455,-41.0,176.0,0
16.4599,41.0,176.0,0
16.4649,166.0,176.0,0
16.47,-57.0,176.0,0
16.4749,-243.0,178.0,0
16.4798,77.0,178.0,0
16.4848,270.0,180.0,0
16.4899,-136.0,182.0,0
16.495,-294.0,184.0,0
16.4999,204.0,188.0,0
16.5049,335.0,192.0,0
16.5099,-219.0,194.0,0
16.5149,-345.0,200.0,0
16.5202,170.0,200.0,0
16.525,262.0,204.0,0
16.53,-109.0,204.0,0
16.5351,-107.0,206.0,0
16.5399,91.0,206.0,0
16.5451,-27.0,206.0,0
16.5499,-106.0,206.0,0
16.5549,81.0,206.0,0
16.5599,102.0,208.0,0
16.5649,-82.0,208.0,0
16.5701,-60.0,210.0,0
16.575,94.0,210.0,0
16.58,7.0,210.0,0
16.5852,-128.0,212.0,0
16.5899,19.0,212.0,0
16.5948,128.0,212.0,0
16.6,-14.0,210.0,0
16.605,-57.0,210.0,0
16.6099,13.0,206.0,0
16.6149,-30.0,204.0,0
16.6199,-39.0,202.0,0
16.6249,46.0,200.0,0
16.63,65.0,200.0,0
16.6351,2.0,198.0,0
16.6399,-51.0,198.0,0
16.645,-30.0,198.0,0
16.6499,11.0,198.0,0
16.6549,1.0,198.0,0
16.6599,8.0,196.0,0
16.665,44.0,196.0,0
16.6699,6.0,196.0,0
16.6749,-54.0,196.0,0
16.6799,-19.0,196.0,0
16.6848,13.0,196.0,0
16.6901,-9.0,194.0,0
16.6948,52.0,194.0,0
16.6999,81.0,194.0,0
16.7049,-85.0,194.0,0
16.7099,-137.0,194.0,0
16.7149,52.0,194.0,0
16.7201,107.0,192.0,0
16.7249,5.0,192.0,0
16.7299,10.0,188.0,0
16.7349,1.0,186.0,0
16.74,-131.0,184.0,0
16.7451,-107.0,184.0,0
16.7499,147.0,184.0,0
16.7549,228.0,186.0,0
16.7599,-29.0,186.0,0
16.7649,-238.0,190.0,0
16.7701,-115.0,190.0,0
16.7751,117.0,190.0,0
16.7801,152.0,192.0,0
16.7849,25.0,190.0,0
16.7899,-66.0,190.0,0
16.795,-90.0,190.0,0
16.7999,-41.0,190.0,0
16.8051,91.0,190.0,0
16.81,95.0,192.0,0
16.8149,-98.0,192.0,0
16.8199,-108.0,192.0,0
16.8249,139.0,192.0,0
16.83,121.0,192.0,0
16.835,-170.0,190.0,0
16.8401,-131.0,190.0,0
16.8449,148.0,188.0,0
16.8499,103.0,186.0,0
16.8549,-96.0,184.0,0
16.8601,-42.0,182.0,0
16.865,68.0,180.0,0
16.87,9.0,178.0,0
16.8749,-57.0,178.0,0
16.8799,-30.0,178.0,0
16.8849,13.0,178.0,0
16.8899,48.0,178.0,0
16.895,66.0,178.0,0
16.9,-12.0,178.0,0
16.9049,-127.0,180.0,0
16.9099,-51.0,180.0,0
16.915,136.0,182.0,0
16.9201,97.0,184.0,0
16.925,-116.0,184.0,0
16.9301,-117.0,186.0,0
16.9349,96.0,186.0,0
16.9399,134.0,186.0,0
16.945,-78.0,186.0,0
16.9501,-160.0,186.0,0
16.9551,42.0,184.0,0
16.9599,164.0,184.0,0
16.9649,16.0,182.0,0
16.9699,-101.0,184.0,0
16.975,-49.0,182.0,0
16.9801,-18.0,182.0,0
16.985,15.0,182.0,0
16.9901,124.0,182.0,0
16.9949,56.0,182.0,0
17.0,-164.0,182.0,0
17.0052,-99.0,182.0,0
17.0101,146.0,182.0,0
17.015,74.0,180.0,0
17.0199,-109.0,180.0,0
17.025,3.0,178.0,0
17.03,114.0,178.0,0
17.0352,-76.0,178.0,0
17.0401,-190.0,180.0,0
17.0452,79.0,180.0,0
17.05,262.0,182.0,0
17.055,-22.0,182.0,0
17.0599,-240.0,184.0,0
17.065,-6.0,184.0,0
17.07,153.0,184.0,0
17.0749,-46.0,184.0,0
17.0799,-96.0,184.0,0
17.0848,130.0,184.0,0
17.0901,84.0,186.0,0
17.0951,-170.0,188.0,0
17.0999,-40.0,188.0,0
17.1049,168.0,188.0,0
17.1099,-72.0,188.0,0
17.1149,-174.0,188.0,0
17.1201,179.0,188.0,0
17.1251,186.0,188.0,0
17.1301,-199.0,188.0,0
17.1349,-162.0,186.0,0
17.1399,137.0,186.0,0
17.1449,94.0,182.0,0
17.1499,-51.0,178.0,0
17.1549,-23.0,174.0,0
17.16,-17.0,172.0,0
17.1649,-10.0,168.0,0
17.1699,42.0,166.0,0
17.175,-7.0,164.0,0
17.18,-9.0,164.0,0
17.185,75.0,164.0,0
17.1899,-44.0,164.0,0
17.1949,-158.0,164.0,0
17.2001,57.0,164.0,0
17.205,194.0,166.0,0
17.21,-6.0,164.0,0
17.215,-151.0,166.0,0
17.22,-67.0,166.0,0
17.2249,63.0,166.0,0
17.2302,104.0,166.0,0
17.2349,-6.0,166.0,0
17.2399,-90.0,166.0,0
17.245,16.0,166.0,0
17.2499,73.0,166.0,0
17.2551,-63.0,168.0,0
17.2603,-93.0,168.0,0
17.2649,91.0,168.0,0
17.2699,128.0,170.0,0
17.2749,-85.0,170.0,0
17.2799,-121.0,172.0,0
17.2849,74.0,172.0,0
17.2903,43.0,174.0,0
17.295,-96.0,174.0,0
17.2999,52.0,176.0,0
17.3049,146.0,176.0,0
17.3107,-77.0,178.0,0
17.3155,-157.0,180.0,0
17.3201,17.0,180.0,0
17.3249,93.0,180.0,0
17.33,46.0,182.0,0
17.3353,-19.0,180.0,0
17.3398,-47.0,180.0,0
17.3451,38.0,180.0,0
17.35,24.0,178.0,0
17.355,-142.0,180.0,0
17.3599,-51.0,178.0,0
17.3649,203.0,182.0,0
17.3699,111.0,184.0,0
17.3752,-141.0,186.0,0
17.3799,-109.0,184.0,0
17.385,24.0,184.0,0
17.3898,10.0,182.0,0
17.3948,30.0,178.0,0
17.3999,108.0,180.0,0
17.405,10.0,176.0,0
17.41,-149.0,176.0,0
17.4149,-75.0,176.0,0
17.4199,88.0,174.0,0
17.4249,78.0,176.0,0
17.43,3.0,174.0,0
17.4351,-13.0,174.0,0
17.4401,-41.0,174.0,0
17.4449,-46.0,172.0,0
17.4499,18.0,172.0,0
17.4549,41.0,170.0,0
17.4599,-1.0,170.0,0
17.4649,19.0,168.0,0
17.4699,33.0,166.0,0
17.4749,-76.0,164.0,0
17.4799,-86.0,164.0,0
17.4849,85.0,162.0,0
17.4899,107.0,162.0,0
17.4949,-58.0,162.0,0
17.4999,-74.0,162.0,0
17.5049,41.0,162.0,0
17.51,19.0,162.0,0
17.5149,-52.0,162.0,0
17.5202,24.0,162.0,0
17.5251,68.0,164.0,0
17.53,-64.0,164.0,0
17.5349,-75.0,164.0,0
17.5399,111.0,166.0,0
17.5449,79.0,164.0,0
17.55,-149.0,166.0,0
17.555,-79.0,164.0,0
17.5599,156.0,166.0,0
17.565,58.0,164.0,0
17.57,-138.0,166.0,0
17.575,-11.0,164.0,0
17.5799,94.0,164.0,0
17.585,-46.0,162.0,0
17.5899,-19.0,160.0,0
17.595,101.0,162.0,0
17.5999,-68.0,160.0,0
17.6051,-142.0,162.0,0
17.6101,126.0,162.0,0
17.615,160.0,164.0,0
17.6199,-132.0,166.0,0
17.6249,-142.0,168.0,0
17.63,117.0,168.0,0
17.6351,98.0,168.0,0
17.64,-122.0,168.0,0
17.6451,-48.0,168.0,0
17.65,149.0,168.0,0
17.6549,0.0,166.0,0
17.66,-179.0,168.0,0
17.665,45.0,168.0,0
17.6701,204.0,170.0,0
17.6749,-64.0,168.0,0
17.6799,-211.0,170.0,0
17.6849,43.0,168.0,0
17.6898,179.0,168.0,0
17.695,-9.0,168.0,0
17.6999,-86.0,164.0,0
17.7049,16.0,164.0,0
17.7099,-50.0,164.0,0
17.7149,-84.0,164.0,0
17.7199,159.0,164.0,0
17.725,150.0,166.0,0
17.73,-182.0,166.0,0
17.7352,-116.0,166.0,0
17.7398,144.0,168.0,0
17.7449,-30.0,166.0,0
17.7499,-121.0,166.0,0
17.755,194.0,166.0,0
17.7599,144.0,166.0,0
17.7649,-267.0,168.0,0
17.7698,-149.0,166.0,0
17.775,231.0,168.0,0
17.7798,66.0,166.0,0
17.785,-164.0,168.0,0
17.7899,57.0,168.0,0
17.795,113.0,168.0,0
17.8003,-119.0,170.0,0
17.8056,-36.0,170.0,0
17.8099,117.0,172.0,0
17.815,-81.0,174.0,0
17.8199,-118.0,174.0,0
17.8249,158.0,176.0,0
17.83,129.0,178.0,0
17.8349,-134.0,178.0,0
17.8401,-106.0,178.0,0
17.8449,53.0,176.0,0
17.8499,54.0,176.0,0
17.855,8.0,174.0,0
17.8602,-36.0,174.0,0
17.8649,-36.0,174.0,0
17.8699,84.0,174.0,0
17.8749,50.0,174.0,0
17.88,-160.0,174.0,0
17.885,-57.0,176.0,0
17.8901,218.0,178.0,0
17.895,51.0,178.0,0
17.8999,-243.0,180.0,0
17.9049,-49.0,180.0,0
17.9099,237.0,180.0,0
17.915,64.0,180.0,0
17.9204,-196.0,182.0,0
17.9251,-81.0,182.0,0
17.9299,126.0,184.0,0
17.9348,72.0,182.0,0
17.9399,-65.0,184.0,0
17.9452,-47.0,182.0,0
17.9498,45.0,180.0,0
17.9553,31.0,180.0,0
17.9603,-61.0,180.0,0
17.9651,-20.0,178.0,0
17.9701,91.0,180.0,0
17.9754,-8.0,180.0,0
17.98,-129.0,180.0,0
17.9849,45.0,180.0,0
17.9902,171.0,182.0,0
17.9951,-45.0,182.0,0
18.0001,-188.0,184.0,0
18.0059,-8.0,180.0,0
18.0099,148.0,180.0,0
18.015,61.0,180.0,0
18.0199,-66.0,180.0,0
18.0251,-56.0,180.0,0
18.0302,13.0,180.0,0
18.0356,9.0,180.0,0
18.0406,-31.0,178.0,0
18.0452,20.0,178.0,0
18.05,83.0,178.0,0
18.0549,-9.0,176.0,0
18.0598,-112.0,176.0,0
18.0648,-19.0,176.0,0
18.0699,89.0,176.0,0
18.075,30.0,178.0,0
18.08,-26.0,176.0,0
18.085,-17.0,176.0,0
18.0912,-41.0,176.0,0
18.0949,3.0,176.0,0
18.1003,77.0,178.0,0
18.105,-4.0,178.0,0
18.1101,-85.0,178.0,0
18.115,26.0,178.0,0
18.1202,97.0,178.0,0
18.1253,-50.0,176.0,0
18.1304,-115.0,176.0,0
18.135,43.0,176.0,0
18.1401,106.0,178.0,0
18.1453,-7.0,176.0,0
18.1504,-45.0,178.0,0
18.155,-18.0,176.0,0
18.1598,-32.0,176.0,0
18.1654,14.0,176.0,0
18.1701,61.0,176.0,0
18.1753,-14.0,174.0,0
18.1801,-35.0,174.0,0
18.1849,44.0,174.0,0
18.1898,2.0,170.0,0
18.1952,-78.0,170.0,0
18.2001,16.0,168.0,0
18.2062,78.0,168.0,0
18.2099,-39.0,168.0,0
18.215,-54.0,168.0,0
18.2198,67.0,168.0,0
18.225,42.0,168.0,0
18.2299,-56.0,168.0,0
18.2349,-43.0,168.0,0
18.2404,-1.0,166.0,0
18.245,21.0,164.0,0
18.2501,54.0,164.0,0
18.2552,26.0,162.0,0
18.2602,-50.0,160.0,0
18.2654,-64.0,158.0,0
18.2698,0.0,156.0,0
18.275,85.0,156.0,0
18.28,63.0,156.0,0
18.2853,-110.0,156.0,0
18.2907,-113.0,156.0,0
18.295,117.0,158.0,0
18.2999,126.0,158.0,0
18.3049,-75.0,158.0,0
18.3098,-80.0,156.0,0
18.315,21.0,154.0,0
18.3201,5.0,152.0,0
18.3254,-14.0,152.0,0
18.3304,28.0,148.0,0
18.3354,39.0,150.0,0
18.3406,6.0,148.0,0
18.345,-36.0,148.0,0
18.351,-62.0,148.0,0
18.3553,-13.0,148.0,0
18.3598,85.0,146.0,0
18.3651,81.0,146.0,0
18.3704,-70.0,144.0,0
18.3758,-128.0,144.0,0
18.3801,47.0,142.0,0
18.3849,137.0,144.0,0
18.3904,-26.0,142.0,0
18.395,-91.0,140.0,0
18.3999,0.0,138.0,0
18.4059,-14.0,134.0,0
18.4098,11.0,132.0,0
18.4153,130.0,130.0,0
18.42,16.0,130.0,0
18.4255,-176.0,130.0,0
18.4303,-67.0,130.0,0
18.4358,130.0,130.0,0
18.4405,84.0,130.0,0
18.4455,-49.0,130.0,0
18.451,-41.0,130.0,0
18.455,29.0,128.0,0
18.4599,-11.0,126.0,0
18.4655,-90.0,126.0,0
18.4698,5.0,124.0,0
18.4754,125.0,124.0,0
18.48,34.0,122.0,0
18.4851,-52.0,122.0,0
18.4903,-22.0,122.0,0
18.4949,-43.0,122.0,0
18.5,-37.0,122.0,0
18.5053,40.0,122.0,0
18.5099,45.0,122.0,0
18.5151,41.0,122.0,0
18.5205,36.0,120.0,0
18.5253,-96.0,120.0,0
18.5304,-121.0,118.0,0
18.5351,96.0,120.0,0
18.54,132.0,118.0,0
18.5454,-103.0,118.0,0
18.5499,-108.0,116.0,0
18.5556,127.0,118.0,0
18.56,116.0,116.0,0
18.565,-101.0,116.0,0
18.5702,-134.0,116.0,0
18.5753,9.0,116.0,0
18.5798,105.0,116.0,0
18.5855,71.0,116.0,0
18.5905,-36.0,116.0,0
18.595,-66.0,118.0,0
18.6001,-2.0,116.0,0
18.6056,-7.0,116.0,0
18.6098,-22.0,116.0,0
18.6149,70.0,116.0,0
18.6198,74.0,116.0,0
18.6251,-84.0,116.0,0
18.6302,-95.0,114.0,0
18.6358,85.0,116.0,0
18.6404,70.0,114.0,0
18.6451,-108.0,114.0,0
18.6501,-28.0,114.0,0
18.6551,130.0,114.0,0
18.6611,-2.0,114.0,0
18.6652,-120.0,114.0,0
18.6701,16.0,114.0,0
18.6748,83.0,116.0,0
18.68,-8.0,116.0,0
18.6851,-18.0,114.0,0
18.6912,-14.0,114.0,0
18.6949,-70.0,114.0,0
18.7004,14.0,114.0,0
18.705,132.0,116.0,0
18.7101,14.0,114.0,0
18.7151,-112.0,116.0,0
18.7202,-18.0,116.0,0
18.7249,42.0,116.0,0
18.7304,-42.0,116.0,0
18.7351,5.0,116.0,0
18.7401,140.0,116.0,0
18.745,8.0,116.0,0
18.7509,-217.0,118.0,0
18.7548,-53.0,120.0,0
18.76,234.0,122.0,0
18.7653,75.0,122.0,0
18.7702,-186.0,122.0,0
18.7753,-56.0,122.0,0
18.7799,95.0,122.0,0
18.7853,6.0,122.0,0
18.7903,-14.0,122.0,0
18.795,57.0,122.0,0
18.8001,-7.0,122.0,0
18.8056,-99.0,124.0,0
18.8099,-11.0,122.0,0
18.8153,93.0,124.0,0
18.82,16.0,124.0,0
18.825,-52.0,124.0,0
18.8301,2.0,124.0,0
18.8349,15.0,124.0,0
18.8402,-9.0,122.0,0
18.845,-1.0,122.0,0
18.8501,-13.0,122.0,0
18.8552,-6.0,120.0,0
18.8602,40.0,120.0,0
18.8658,19.0,120.0,0
18.8698,-46.0,120.0,0
18.875,-26.0,120.0,0
18.8801,49.0,120.0,0
18.8851,21.0,120.0,0
18.8903,-74.0,120.0,0
18.8948,-7.0,120.0,0
18.8999,110.0,122.0,0
18.9048,-9.0,120.0,0
18.91,-126.0,122.0,0
18.915,24.0,122.0,0
18.9209,115.0,122.0,0
18.925,-29.0,120.0,0
18.9298,-89.0,120.0,0
18.9349,6.0,118.0,0
18.9405,46.0,118.0,0
18.9456,34.0,116.0,0
18.9504,24.0,116.0,0
18.9549,-42.0,116.0,0
18.9599,-77.0,118.0,0
18.9649,-4.0,118.0,0
18.9699,47.0,118.0,0
18.9749,45.0,118.0,0
18.9798,45.0,118.0,0
18.9849,-20.0,118.0,0
18.99,-106.0,118.0,0
18.9949,-41.0,120.0,0
19.0,98.0,120.0,0
19.0052,73.0,120.0,0
19.0099,-74.0,120.0,0
19.0149,-60.0,118.0,0
19.0199,82.0,118.0,0
19.0249,35.0,118.0,0
19.0305,-109.0,118.0,0
19.0349,-19.0,118.0,0
19.0401,123.0,120.0,0
19.045,19.0,120.0,0
19.0499,-115.0,120.0,0
19.0549,-45.0,120.0,0
19.0599,90.0,120.0,0
19.0649,97.0,120.0,0
19.0699,-47.0,120.0,0
19.0749,-137.0,120.0,0
19.0799,-10.0,118.0,0
19.0849,122.0,120.0,0
19.0899,59.0,120.0,0
19.0949,-57.0,120.0,0
19.0999,-55.0,120.0,0
19.1048,-1.0,120.0,0
19.1099,-18.0,120.0,0
19.1148,0.0,118.0,0
19.1202,135.0,120.0,0
19.1249,62.0,120.0,0
19.1299,-234.0,122.0,0
19.1352,-153.0,124.0,0
19.14,249.0,128.0,0
19.145,235.0,130.0,0
19.1499,-168.0,132.0,0
19.1551,-270.0,136.0,0
19.1598,48.0,136.0,0
19.1649,237.0,138.0,0
19.1699,29.0,138.0,0
19.1754,-170.0,138.0,0
19.1799,-26.0,136.0,0
19.1853,133.0,138.0,0
19.1899,-27.0,136.0,0
19.1949,-149.0,136.0,0
19.1999,71.0,136.0,0
19.2051,178.0,136.0,0
19.21,-69.0,136.0,0
19.2149,-173.0,138.0,0
19.2198,32.0,138.0,0
19.2248,129.0,138.0,0
19.2298,4.0,138.0,0
19.2352,-75.0,138.0,0
19.24,-22.0,138.0,0
19.2449,38.0,138.0,0
19.2499,20.0,138.0,0
19.2549,-22.0,138.0,0
19.2599,-8.0,136.0,0
19.2648,34.0,136.0,0
19.2699,-5.0,134.0,0
19.2749,-80.0,134.0,0
19.2799,23.0,134.0,0
19.2848,128.0,134.0,0
19.2899,-57.0,134.0,0
19.295,-145.0,134.0,0
19.2999,108.0,136.0,0
19.3049,147.0,136.0,0
19.3099,-137.0,138.0,0
19.315,-147.0,140.0,0
19.32,98.0,140.0,0
19.3249,103.0,142.0,0
19.3299,-16.0,142.0,0
19.3349,5.0,142.0,0
19.34,-27.0,142.0,0
19.3452,-102.0,142.0,0
19.3498,6.0,140.0,0
19.3549,96.0,140.0,0
19.3599,23.0,140.0,0
19.3649,-4.0,140.0,0
19.3699,-22.0,140.0,0
19.3749,-93.0,142.0,0
19.3801,13.0,140.0,0
19.3851,166.0,142.0,0
19.39,-21.0,138.0,0
19.3954,-228.0,142.0,0
19.4,17.0,138.0,0
19.4049,254.0,140.0,0
19.4099,15.0,138.0,0
19.4155,-195.0,140.0,0
19.4199,-28.0,140.0,0
19.4249,83.0,140.0,0
19.4299,-14.0,140.0,0
19.4349,-16.0,140.0,0
19.4399,60.0,140.0,0
19.4449,36.0,140.0,0
19.4499,-42.0,140.0,0
19.4549,-92.0,140.0,0
19.4601,-28.0,140.0,0
19.4651,124.0,142.0,0
19.47,85.0,142.0,0
19.4749,-140.0,144.0,0
19.4799,-91.0,146.0,0
19.4849,164.0,148.0,0
19.4899,81.0,150.0,0
19.4949,-166.0,152.0,0
19.4999,-80.0,152.0,0
19.5049,118.0,154.0,0
19.5098,69.0,154.0,0
19.5151,-67.0,156.0,0
19.5199,-68.0,156.0,0
19.525,54.0,156.0,0
19.5299,106.0,156.0,0
19.535,-32.0,156.0,0
19.5399,-129.0,158.0,0
19.5449,-14.0,158.0,0
19.5499,60.0,156.0,0
19.555,17.0,156.0,0
19.5599,53.0,156.0,0
19.5649,40.0,156.0,0
19.5698,-114.0,156.0,0
19.5749,-90.0,158.0,0
19.5799,107.0,158.0,0
19.5849,81.0,158.0,0
19.5898,-79.0,160.0,0
19.5949,-36.0,160.0,0
19.6,59.0,160.0,0
19.605,-11.0,160.0,0
19.6098,-54.0,160.0,0
19.6148,35.0,160.0,0
19.6198,58.0,160.0,0
19.6248,-17.0,160.0,0
19.63,-52.0,158.0,0
19.635,-31.0,158.0,0
19.64,23.0,158.0,0
19.6449,75.0,158.0,0
19.6501,3.0,156.0,0
19.6549,-100.0,156.0,0
19.6599,1.0,156.0,0
19.665,135.0,158.0,0
19.6699,-2.0,156.0,0
19.6749,-191.0,158.0,0
19.6799,-52.0,158.0,0
19.6849,203.0,160.0,0
19.6898,125.0,160.0,0
19.695,-111.0,162.0,0
19.7,-103.0,162.0,0
19.7048,-31.0,160.0,0
19.7098,-49.0,160.0,0
19.7148,99.0,160.0,0
19.7201,217.0,162.0,0
19.7249,-40.0,162.0,0
19.7299,-243.0,164.0,0
19.7349,-64.0,164.0,0
19.7399,102.0,166.0,0
19.745,115.0,168.0,0
19.7499,75.0,168.0,0
19.7549,-110.0,170.0,0
19.7599,-138.0,170.0,0
19.7648,117.0,170.0,0
19.7699,52.0,168.0,0
19.776,-162.0,168.0,0
19.78,82.0,166.0,0
19.7849,193.0,164.0,0
19.7898,-165.0,164.0,0
19.7951,-157.0,162.0,0
19.7999,190.0,166.0,0
19.8053,85.0,162.0,0
19.81,-194.0,166.0,0
19.815,-42.0,164.0,0
19.8199,178.0,166.0,0
19.8249,44.0,164.0,0
19.83,-106.0,166.0,0
19.8349,-52.0,164.0,0
19.84,-20.0,164.0,0
19.845,28.0,160.0,0
19.85,142.0,162.0,0
19.8553,2.0,160.0,0
19.8601,-222.0,162.0,0
19.8651,-6.0,160.0,0
19.8698,263.0,164.0,0
19.8748,-4.0,164.0,0
19.8798,-256.0,168.0,0
19.8848,13.0,166.0,0
19.89,187.0,170.0,0
19.895,-26.0,170.0,0
19.8999,-86.0,170.0,0
19.9048,42.0,170.0,0
19.9098,-3.0,170.0,0
19.9149,-52.0,170.0,0
19.9201,76.0,172.0,0
19.9251,59.0,170.0,0
19.9302,-130.0,172.0,0
19.9352,-68.0,170.0,0
19.9399,144.0,170.0,0
19.945,63.0,170.0,0
19.9502,-121.0,168.0,0
19.9549,-42.0,168.0,0
19.9599,93.0,168.0,0
19.9649,44.0,166.0,0
19.97,-71.0,168.0,0
19.975,-86.0,168.0,0
19.9798,53.0,168.0,0
19.985,129.0,170.0,0
19.99,-42.0,170.0,0
19.9949,-131.0,170.0,0
19.9999,46.0,170.0,0
