Time(s),Raw_EMG,RMS,Normalized_RMS
0.004,0,0,0.0
0.009,0,0,0.0
0.014,0,0,0.0
0.019,176,0,0.0
0.025,0,0,0.0
0.029,763,0,0.0
0.034,0,0,0.0
0.039,0,0,0.0
0.045,0,0,0.0
0.049,0,0,0.0
0.054,0,0,0.0
0.059,0,0,0.0
0.064,0,0,0.0
0.069,0,0,0.0
0.074,0,0,0.0
0.079,0,0,0.0
0.084,0,0,0.0
0.089,0,0,0.0
0.094,0,0,0.0
0.099,0,0,0.0
0.104,0,0,0.0
0.109,0,0,0.0
0.114,0,0,0.0
0.119,0,0,0.0
0.124,542,0,0.0
0.129,73,0,0.0
0.134,0,0,0.0
0.139,0,0,0.0
0.144,0,0,0.0
0.149,3,0,0.0
0.154,0,0,0.0
0.159,0,0,0.0
0.164,0,0,0.0
0.169,0,0,0.0
0.174,0,0,0.0
0.179,0,0,0.0
0.184,0,0,0.0
0.189,0,0,0.0
0.194,0,0,0.0
0.199,0,0,0.0
0.205,0,0,0.0
0.209,0,0,0.0
0.214,0,0,0.0
0.219,0,0,0.0
0.224,0,0,0.0
0.229,0,0,0.0
0.234,58,0,0.0
0.239,0,0,0.0
0.244,0,0,0.0
0.249,0,0,0.0
0.254,0,0,0.0
0.259,0,0,0.0
0.264,0,0,0.0
0.269,0,0,0.0
0.274,0,0,0.0
0.279,0,0,0.0
0.284,0,0,0.0
0.289,0,0,0.0
0.294,0,0,0.0
0.299,0,0,0.0
0.304,0,0,0.0
0.309,0,0,0.0
0.314,0,0,0.0
0.319,0,0,0.0
0.324,0,0,0.0
0.329,0,0,0.0
0.334,0,0,0.0
0.339,0,0,0.0
0.344,0,0,0.0
0.349,0,0,0.0
0.354,0,0,0.0
0.359,0,0,0.0
0.364,0,0,0.0
0.369,0,0,0.0
0.374,0,0,0.0
0.379,0,0,0.0
0.384,0,0,0.0
0.389,0,0,0.0
0.394,0,0,0.0
0.399,0,0,0.0
0.404,0,0,0.0
0.409,0,0,0.0
0.414,0,0,0.0
0.419,0,0,0.0
0.424,166,0,0.0
0.429,0,0,0.0
0.434,0,0,0.0
0.439,0,0,0.0
0.444,0,0,0.0
0.449,0,0,0.0
0.454,0,0,0.0
0.459,0,0,0.0
0.464,0,0,0.0
0.469,0,0,0.0
0.474,0,0,0.0
0.479,0,0,0.0
0.484,0,0,0.0
0.489,0,0,0.0
0.494,0,0,0.0
0.499,0,0,0.0
0.504,0,0,0.0
0.509,0,0,0.0
0.514,0,0,0.0
0.519,0,0,0.0
0.524,0,0,0.0
0.529,0,0,0.0
0.534,0,0,0.0
0.539,0,0,0.0
0.544,0,0,0.0
0.549,105,0,0.0
0.554,0,0,0.0
0.559,0,0,0.0
0.564,0,0,0.0
0.569,0,0,0.0
0.574,89,0,0.0
0.579,0,0,0.0
0.584,0,0,0.0
0.589,0,0,0.0
0.594,0,0,0.0
0.599,0,0,0.0
0.604,0,0,0.0
0.609,589,0,0.0
0.614,1743,0,0.0
0.619,528,0,0.0
0.624,0,0,0.0
0.629,0,0,0.0
0.634,0,0,0.0
0.639,0,0,0.0
0.644,0,0,0.0
0.649,0,0,0.0
0.654,0,0,0.0
0.659,0,0,0.0
0.664,0,0,0.0
0.669,43,0,0.0
0.674,0,0,0.0
0.679,589,0,0.0
0.684,394,0,0.0
0.689,44,0,0.0
0.694,0,0,0.0
0.699,0,0,0.0
0.704,72,0,0.0
0.709,62,0,0.0
0.714,92,0,0.0
0.719,0,0,0.0
0.724,0,0,0.0
0.729,0,0,0.0
0.734,58,0,0.0
0.739,0,0,0.0
0.744,0,0,0.0
0.749,918,0,0.0
0.754,0,0,0.0
0.759,59,0,0.0
0.764,475,0,0.0
0.769,0,0,0.0
0.774,299,0,0.0
0.779,0,0,0.0
0.784,0,0,0.0
0.789,0,0,0.0
0.794,0,0,0.0
0.799,0,0,0.0
0.804,0,0,0.0
0.809,1096,0,0.0
0.814,655,0,0.0
0.819,0,0,0.0
0.824,1113,0,0.0
0.829,0,0,0.0
0.834,0,0,0.0
0.839,664,0,0.0
0.844,0,0,0.0
0.849,315,0,0.0
0.887,0,0,0.0
0.901,648,0,0.0
0.905,0,0,0.0
0.905,110,0,0.0
0.905,0,0,0.0
0.906,250,0,0.0
0.906,78,0,0.0
0.906,57,0,0.0
0.906,904,0,0.0
0.907,534,0,0.0
0.907,205,0,0.0
0.909,1660,0,0.0
0.914,1097,0,0.0
0.919,0,0,0.0
0.924,1741,0,0.0
0.931,494,0,0.0
0.934,207,0,0.0
0.939,40,0,0.0
0.944,620,0,0.0
0.949,1168,0,0.0
0.954,0,0,0.0
0.959,0,0,0.0
0.964,189,0,0.0
0.969,697,0,0.0
0.974,73,0,0.0
0.979,154,0,0.0
0.984,937,0,0.0
0.989,554,0,0.0
0.994,1559,0,0.0
0.999,0,0,0.0
1.004,224,0,0.0
1.009,480,0,0.0
1.014,1296,0,0.0
1.019,299,0,0.0
1.024,302,0,0.0
1.029,318,0,0.0
1.034,92,0,0.0
1.039,0,0,0.0
1.044,0,0,0.0
1.049,457,0,0.0
1.054,458,0,0.0
1.059,0,0,0.0
1.064,2087,0,0.0
1.069,1868,0,0.0
1.074,1576,0,0.0
1.079,1415,0,0.0
1.084,24,0,0.0
1.089,0,0,0.0
1.094,1084,0,0.0
1.099,1544,0,0.0
1.104,1165,0,0.0
1.109,62,0,0.0
1.114,524,0,0.0
1.119,0,0,0.0
1.124,43,0,0.0
1.129,1131,0,0.0
1.134,795,0,0.0
1.139,206,0,0.0
1.144,829,0,0.0
1.149,2502,0,0.0
1.154,2076,0,0.0
1.159,298,0,0.0
1.164,0,0,0.0
1.169,656,0,0.0
1.174,446,0,0.0
1.179,344,0,0.0
1.184,680,0,0.0
1.189,30,0,0.0
1.194,0,0,0.0
1.199,507,0,0.0
1.204,0,0,0.0
1.209,1704,0,0.0
1.214,1979,0,0.0
1.219,0,0,0.0
1.224,0,0,0.0
1.229,0,0,0.0
1.234,0,0,0.0
1.239,312,0,0.0
1.244,0,0,0.0
1.249,1024,0,0.0
1.254,492,0,0.0
1.259,688,0,0.0
1.264,665,0,0.0
1.269,409,0,0.0
1.275,72,0,0.0
1.28,813,0,0.0
1.285,919,0,0.0
1.29,1884,0,0.0
1.295,0,0,0.0
1.3,1455,0,0.0
1.305,2269,0,0.0
1.31,2010,0,0.0
1.315,0,0,0.0
1.32,1097,0,0.0
1.325,3015,0,0.0
1.33,424,0,0.0
1.335,270,0,0.0
1.34,1160,0,0.0
1.346,824,0,0.0
1.35,0,0,0.0
1.355,1191,0,0.0
1.36,631,0,0.0
1.365,0,0,0.0
1.37,1294,0,0.0
1.375,1322,0,0.0
1.38,457,0,0.0
1.385,1177,0,0.0
1.39,0,0,0.0
1.395,1209,0,0.0
1.4,552,0,0.0
1.405,266,0,0.0
1.41,0,0,0.0
1.415,0,0,0.0
1.42,101,0,0.0
1.425,1083,0,0.0
1.43,1529,0,0.0
1.435,0,0,0.0
1.44,287,0,0.0
1.445,703,0,0.0
1.45,185,0,0.0
1.455,254,0,0.0
1.46,0,0,0.0
1.465,1112,0,0.0
1.47,0,0,0.0
1.475,988,0,0.0
1.48,1599,0,0.0
1.485,811,0,0.0
1.491,0,0,0.0
1.495,0,0,0.0
1.5,334,0,0.0
1.505,0,0,0.0
1.51,0,0,0.0
1.515,0,0,0.0
1.52,0,0,0.0
1.525,0,0,0.0
1.53,842,0,0.0
1.535,6,0,0.0
1.54,88,0,0.0
1.545,4,0,0.0
1.55,24,0,0.0
1.555,1900,0,0.0
1.56,0,0,0.0
1.565,0,0,0.0
1.57,330,0,0.0
1.575,0,0,0.0
1.58,48,0,0.0
1.585,332,0,0.0
1.59,220,0,0.0
1.595,42,0,0.0
1.6,0,0,0.0
1.605,203,0,0.0
1.61,477,0,0.0
1.615,1097,0,0.0
1.62,378,0,0.0
1.625,1466,0,0.0
1.63,989,0,0.0
1.635,304,0,0.0
1.64,429,0,0.0
1.645,183,0,0.0
1.65,0,0,0.0
1.655,734,0,0.0
1.66,0,0,0.0
1.665,0,0,0.0
1.67,1,0,0.0
1.675,0,0,0.0
1.68,0,0,0.0
1.685,0,0,0.0
1.69,0,0,0.0
1.695,999,0,0.0
1.7,347,0,0.0
1.705,30,0,0.0
1.71,0,0,0.0
1.715,599,0,0.0
1.72,206,0,0.0
1.725,152,0,0.0
1.73,0,0,0.0
1.735,268,0,0.0
1.74,0,0,0.0
1.745,0,0,0.0
1.75,0,0,0.0
1.755,319,0,0.0
1.76,0,0,0.0
1.765,955,0,0.0
1.77,159,0,0.0
1.775,0,0,0.0
1.78,24,0,0.0
1.785,0,0,0.0
1.79,608,0,0.0
1.795,394,0,0.0
1.8,589,0,0.0
1.805,0,0,0.0
1.81,653,0,0.0
1.815,0,0,0.0
1.82,139,0,0.0
1.825,28,0,0.0
1.83,0,0,0.0
1.835,0,0,0.0
1.84,0,0,0.0
1.845,0,0,0.0
1.85,0,0,0.0
1.855,0,0,0.0
1.86,0,0,0.0
1.865,635,0,0.0
1.87,0,0,0.0
1.875,0,0,0.0
1.88,151,0,0.0
1.885,0,0,0.0
1.891,24,0,0.0
1.895,0,0,0.0
1.9,0,0,0.0
1.905,0,0,0.0
1.91,3,0,0.0
1.915,0,0,0.0
1.92,0,0,0.0
1.925,0,0,0.0
1.93,0,0,0.0
1.935,0,0,0.0
1.94,0,0,0.0
1.945,0,0,0.0
1.95,0,0,0.0
1.955,41,0,0.0
1.96,0,0,0.0
1.965,87,0,0.0
1.97,0,0,0.0
1.975,0,0,0.0
1.98,0,0,0.0
1.985,0,0,0.0
1.991,0,0,0.0
1.995,0,0,0.0
2.001,0,571.75,0.14
2.005,0,571.75,0.14
2.01,0,571.75,0.14
2.015,0,571.75,0.14
2.02,0,571.69,0.14
2.025,0,571.69,0.14
2.03,0,570.41,0.14
2.035,0,570.41,0.14
2.04,0,570.41,0.14
2.045,0,570.41,0.14
2.05,0,570.41,0.14
2.055,0,570.41,0.14
2.06,0,570.41,0.14
2.066,0,570.41,0.14
2.07,0,570.41,0.14
2.075,0,570.41,0.14
2.08,0,570.41,0.14
2.085,0,570.41,0.14
2.09,0,570.41,0.14
2.095,0,570.41,0.14
2.1,0,570.41,0.14
2.105,0,570.41,0.14
2.11,0,570.41,0.14
2.115,0,570.41,0.14
2.12,0,570.41,0.14
2.125,0,569.77,0.14
2.13,0,569.76,0.14
2.135,0,569.76,0.14
2.14,0,569.76,0.14
2.146,0,569.76,0.14
2.15,0,569.76,0.14
2.155,0,569.76,0.14
2.16,0,569.76,0.14
2.165,0,569.76,0.14
2.17,0,569.76,0.14
2.175,0,569.76,0.14
2.181,0,569.76,0.14
2.185,0,569.76,0.14
2.19,0,569.76,0.14
2.195,0,569.76,0.14
2.2,0,569.76,0.14
2.206,0,569.76,0.14
2.21,0,569.76,0.14
2.215,0,569.76,0.14
2.22,0,569.76,0.14
2.225,0,569.76,0.14
2.231,0,569.76,0.14
2.235,0,569.75,0.14
2.241,0,569.75,0.14
2.245,0,569.75,0.14
2.25,0,569.75,0.14
2.255,0,569.75,0.14
2.26,0,569.75,0.14
2.266,0,569.75,0.14
2.27,0,569.75,0.14
2.275,0,569.75,0.14
2.28,0,569.75,0.14
2.285,0,569.75,0.14
2.291,0,569.75,0.14
2.295,0,569.75,0.14
2.3,0,569.75,0.14
2.305,0,569.75,0.14
2.31,0,569.75,0.14
2.316,0,569.75,0.14
2.32,0,569.75,0.14
2.325,0,569.75,0.14
2.33,0,569.75,0.14
2.335,0,569.75,0.14
2.34,0,569.75,0.14
2.345,0,569.75,0.14
2.351,0,569.75,0.14
2.355,0,569.75,0.14
2.36,0,569.75,0.14
2.365,0,569.75,0.14
2.37,0,569.75,0.14
2.376,0,569.75,0.14
2.38,0,569.75,0.14
2.385,0,569.75,0.14
2.39,0,569.75,0.14
2.458,0,569.75,0.14
2.464,0,569.75,0.14
2.474,0,569.75,0.14
2.474,0,569.75,0.14
2.475,0,569.75,0.14
2.475,0,569.75,0.14
2.476,0,569.69,0.14
2.476,0,569.69,0.14
2.476,0,569.69,0.14
2.476,0,569.69,0.14
2.477,0,569.69,0.14
2.477,0,569.69,0.14
2.477,0,569.69,0.14
2.478,0,569.69,0.14
2.478,0,569.69,0.14
2.478,0,569.69,0.14
2.479,0,569.69,0.14
2.48,0,569.69,0.14
2.485,0,569.69,0.14
2.49,0,569.69,0.14
2.502,0,569.69,0.14
2.503,0,569.69,0.14
2.505,0,569.69,0.14
2.51,0,569.69,0.14
2.515,0,569.69,0.14
2.52,0,569.69,0.14
2.525,0,569.69,0.14
2.53,0,569.69,0.14
2.535,0,569.69,0.14
2.54,55,569.69,0.14
2.545,0,569.69,0.14
2.551,0,569.67,0.14
2.555,0,569.67,0.14
2.56,187,569.75,0.14
2.565,29,569.75,0.14
2.57,0,569.75,0.14
2.575,0,569.73,0.14
2.58,40,569.73,0.14
2.585,110,569.76,0.14
2.59,0,569.76,0.14
2.595,0,569.76,0.14
2.6,0,569.76,0.14
2.605,0,569.76,0.14
2.61,0,569.0,0.14
2.615,0,562.29,0.14
2.62,0,561.67,0.14
2.625,0,561.67,0.14
2.631,0,561.67,0.14
2.635,589,562.44,0.14
2.64,0,562.44,0.14
2.645,0,562.44,0.14
2.65,159,562.49,0.14
2.655,0,562.49,0.14
2.66,0,562.49,0.14
2.665,0,562.49,0.14
2.671,0,562.49,0.14
2.675,19,562.49,0.14
2.68,0,561.72,0.14
2.685,0,561.37,0.14
2.691,0,561.37,0.14
2.695,23,561.37,0.14
2.7,22,561.37,0.14
2.705,0,561.36,0.14
2.71,0,561.35,0.14
2.715,0,561.33,0.14
2.721,0,561.33,0.14
2.725,70,561.34,0.14
2.73,0,561.34,0.14
2.735,0,561.34,0.14
2.74,0,561.34,0.14
2.746,0,561.34,0.14
2.75,8,559.46,0.14
2.756,0,559.46,0.14
2.76,0,559.45,0.14
2.765,0,558.94,0.14
2.77,108,558.97,0.14
2.775,0,558.77,0.14
2.781,0,558.77,0.14
2.785,0,558.77,0.14
2.791,0,558.77,0.14
2.795,0,558.77,0.14
2.8,0,558.77,0.14
2.806,1577,564.31,0.14
2.81,423,562.04,0.14
2.815,2461,574.42,0.14
2.82,0,574.42,0.14
2.825,508,572.28,0.14
2.83,525,572.88,0.14
2.835,635,573.76,0.14
2.842,0,572.8,0.14
2.845,46,572.8,0.14
2.85,203,572.68,0.14
2.855,1388,576.87,0.14
2.86,0,575.95,0.14
2.866,1800,582.94,0.14
2.87,0,582.92,0.14
2.875,592,583.67,0.14
2.88,0,583.54,0.14
2.885,603,584.3,0.14
2.891,1607,589.79,0.14
2.895,3,588.06,0.14
2.9,348,587.71,0.14
2.905,0,587.62,0.14
2.911,0,581.73,0.14
2.915,1884,586.75,0.14
2.921,2249,597.43,0.15
2.925,107,591.07,0.14
2.93,1722,596.8,0.15
2.935,2813,613.06,0.15
2.94,0,613.06,0.15
2.945,920,614.0,0.15
2.951,1004,613.28,0.15
2.955,139,613.32,0.15
2.96,0,613.32,0.15
2.965,156,613.29,0.15
2.97,526,612.87,0.15
2.975,476,613.32,0.15
2.98,0,613.27,0.15
2.986,201,611.56,0.15
2.99,875,612.5,0.15
2.995,0,607.52,0.15
3.0,649,608.38,0.15
3.005,715,609.33,0.15
3.011,918,610.58,0.15
3.015,2806,623.13,0.15
3.02,3913,652.96,0.16
3.025,0,652.78,0.16
3.03,391,652.88,0.16
3.035,2190,661.98,0.16
3.04,0,661.98,0.16
3.045,0,661.98,0.16
3.05,1210,664.35,0.16
3.055,1549,668.46,0.16
3.06,411,668.77,0.16
3.065,1960,667.81,0.16
3.07,0,661.25,0.16
3.075,1662,661.77,0.16
3.08,1120,660.36,0.16
3.085,2398,671.16,0.16
3.091,1255,674.08,0.16
3.095,2169,680.6,0.17
3.1,1495,680.32,0.17
3.105,0,677.82,0.17
3.11,3367,698.41,0.17
3.115,1335,701.1,0.17
3.12,1772,706.68,0.17
3.125,2951,721.92,0.18
3.13,0,719.7,0.18
3.135,318,718.78,0.18
3.14,539,719.21,0.18
3.145,0,718.01,0.18
3.15,123,707.06,0.17
3.155,671,700.2,0.17
3.16,157,700.09,0.17
3.165,2334,709.75,0.17
3.171,0,708.99,0.17
3.175,0,708.64,0.17
3.18,17,708.43,0.17
3.185,0,707.61,0.17
3.19,510,708.07,0.17
3.195,1160,710.44,0.17
3.2,719,710.9,0.17
3.205,143,710.93,0.17
3.21,859,707.12,0.17
3.215,620,700.84,0.17
3.22,0,700.84,0.17
3.225,46,700.85,0.17
3.23,384,701.11,0.17
3.236,879,702.49,0.17
3.24,2360,712.16,0.17
3.245,2120,720.0,0.18
3.25,332,718.37,0.18
3.255,297,718.1,0.18
3.261,957,718.87,0.18
3.265,810,719.25,0.18
3.27,0,718.96,0.18
3.276,0,718.95,0.18
3.281,0,717.8,0.18
3.286,45,716.33,0.17
3.291,0,710.11,0.17
3.297,0,710.11,0.17
3.301,0,706.37,0.17
3.306,926,698.74,0.17
3.311,314,691.65,0.17
3.316,395,691.93,0.17
3.322,2280,699.11,0.17
3.326,2027,690.15,0.17
3.331,1291,692.83,0.17
3.336,1166,695.15,0.17
3.341,333,692.93,0.17
3.346,1309,694.79,0.17
3.351,74,694.8,0.17
3.356,0,692.24,0.17
3.363,1407,695.09,0.17
3.366,1544,699.37,0.17
3.371,110,696.39,0.17
3.376,157,693.29,0.17
3.381,268,693.04,0.17
3.387,461,690.93,0.17
3.391,0,690.93,0.17
3.396,878,689.67,0.17
3.401,0,689.12,0.17
3.406,1560,693.39,0.17
3.412,1227,696.1,0.17
3.416,664,696.89,0.17
3.421,0,696.88,0.17
3.426,0,694.77,0.17
3.431,0,690.55,0.17
3.436,847,691.85,0.17
3.441,0,691.7,0.17
3.447,220,690.89,0.17
3.451,1102,693.03,0.17
3.456,488,693.34,0.17
3.461,2685,706.22,0.17
3.466,283,704.17,0.17
3.472,1902,710.56,0.17
3.476,1373,712.16,0.17
3.481,953,709.26,0.17
3.486,287,708.24,0.17
3.491,104,708.26,0.17
3.496,40,708.26,0.17
3.502,574,708.65,0.17
3.506,0,708.65,0.17
3.511,919,710.14,0.17
3.516,0,710.14,0.17
3.521,104,710.16,0.17
3.527,1133,712.41,0.17
3.531,0,711.17,0.17
3.536,744,712.14,0.17
3.541,0,712.12,0.17
3.546,1290,715.04,0.17
3.552,0,715.04,0.17
3.556,264,708.82,0.17
3.562,2655,721.15,0.18
3.566,0,721.15,0.18
3.571,0,720.96,0.18
3.576,255,721.07,0.18
3.581,894,722.45,0.18
3.587,1095,724.33,0.18
3.591,2154,732.21,0.18
3.596,632,732.89,0.18
3.601,551,733.41,0.18
3.606,1033,735.16,0.18
3.612,0,734.77,0.18
3.616,217,732.8,0.18
3.621,2631,744.27,0.18
3.626,3401,759.92,0.19
3.631,794,759.35,0.19
3.636,2426,768.83,0.19
3.641,0,768.53,0.19
3.646,842,769.63,0.19
3.651,142,769.66,0.19
3.656,120,768.81,0.19
3.661,0,768.81,0.19
3.667,569,769.34,0.19
3.671,27,769.34,0.19
3.676,0,769.34,0.19
3.681,378,769.57,0.19
3.686,317,769.73,0.19
3.691,1183,772.0,0.19
3.696,0,770.38,0.19
3.701,856,771.38,0.19
3.706,494,771.77,0.19
3.711,363,771.98,0.19
3.716,605,772.0,0.19
3.721,1021,773.61,0.19
3.726,112,773.6,0.19
3.731,607,774.19,0.19
3.736,702,774.87,0.19
3.741,4,774.87,0.19
3.746,989,776.45,0.19
3.751,442,776.76,0.19
3.756,0,776.6,0.19
3.761,72,776.61,0.19
3.766,137,775.17,0.19
3.771,55,775.13,0.19
3.776,1948,781.23,0.19
3.782,1355,784.16,0.19
3.786,74,784.17,0.19
3.791,0,783.58,0.19
3.796,0,783.33,0.19
3.801,892,784.04,0.19
3.806,602,784.62,0.19
3.811,0,783.94,0.19
3.817,376,784.17,0.19
3.821,167,784.18,0.19
3.826,0,784.18,0.19
3.831,0,784.18,0.19
3.836,249,784.28,0.19
3.842,809,785.32,0.19
3.846,857,786.49,0.19
3.851,0,786.49,0.19
3.856,303,786.64,0.19
3.861,0,786.64,0.19
3.867,2444,795.44,0.19
3.871,1688,799.9,0.2
3.877,0,799.9,0.2
3.881,0,799.87,0.2
3.886,18,799.87,0.2
3.891,0,799.87,0.2
3.896,0,799.87,0.2
3.901,0,799.87,0.2
3.906,0,799.87,0.2
3.911,0,799.87,0.2
3.916,0,799.87,0.2
3.922,0,799.87,0.2
3.926,174,799.91,0.2
3.931,407,800.17,0.2
3.936,0,800.17,0.2
3.941,0,800.17,0.2
3.946,598,800.73,0.2
3.952,310,800.88,0.2
3.956,0,800.88,0.2
3.961,0,800.88,0.2
3.966,0,800.87,0.2
3.971,0,800.87,0.2
3.976,0,800.87,0.2
3.981,0,800.87,0.2
3.987,0,800.87,0.2
3.991,0,800.87,0.2
3.996,0,800.87,0.2
4.001,0,800.87,0.2
4.006,0,800.87,0.2
4.011,0,800.87,0.2
4.016,0,800.87,0.2
4.021,0,800.87,0.2
4.026,0,800.87,0.2
4.031,0,800.87,0.2
4.036,0,800.87,0.2
4.041,408,801.13,0.2
4.046,0,801.13,0.2
4.051,0,801.13,0.2
4.056,0,801.13,0.2
4.061,0,801.13,0.2
4.066,0,801.13,0.2
4.071,0,801.13,0.2
4.076,0,801.13,0.2
4.081,0,801.13,0.2
4.086,0,801.13,0.2
4.091,0,801.13,0.2
4.097,0,801.13,0.2
4.101,0,801.13,0.2
4.106,0,801.13,0.2
4.111,0,801.13,0.2
4.116,0,801.13,0.2
4.122,0,801.13,0.2
4.126,0,801.13,0.2
4.131,0,801.13,0.2
4.136,0,801.13,0.2
4.141,0,801.13,0.2
4.146,0,801.13,0.2
4.151,0,801.13,0.2
4.156,0,801.13,0.2
4.161,0,801.13,0.2
4.166,0,801.13,0.2
4.171,0,801.13,0.2
4.176,0,801.13,0.2
4.181,0,801.13,0.2
4.186,0,801.13,0.2
4.191,0,801.13,0.2
4.196,0,801.13,0.2
4.201,0,801.13,0.2
4.206,0,801.13,0.2
4.212,0,801.13,0.2
4.216,0,801.13,0.2
4.221,234,801.21,0.2
4.233,0,801.21,0.2
4.245,0,801.21,0.2
4.248,0,801.21,0.2
4.256,0,801.21,0.2
4.256,0,801.21,0.2
4.257,0,801.21,0.2
4.259,0,801.21,0.2
4.277,0,801.21,0.2
4.278,0,801.21,0.2
4.278,0,801.21,0.2
4.278,0,801.21,0.2
4.281,0,801.21,0.2
4.286,0,801.21,0.2
4.291,0,801.21,0.2
4.297,0,801.21,0.2
4.301,0,801.21,0.2
4.306,0,801.21,0.2
4.311,0,801.21,0.2
4.316,0,801.21,0.2
4.321,0,801.21,0.2
4.326,0,801.21,0.2
4.331,0,801.21,0.2
4.336,0,801.21,0.2
4.341,0,801.21,0.2
4.346,0,801.21,0.2
4.351,0,801.21,0.2
4.356,0,801.21,0.2
4.361,0,801.21,0.2
4.366,0,801.21,0.2
4.371,0,801.21,0.2
4.376,0,801.21,0.2
4.382,0,801.21,0.2
4.386,0,801.21,0.2
4.391,0,801.21,0.2
4.396,0,801.21,0.2
4.401,0,801.21,0.2
4.406,0,801.21,0.2
4.411,0,801.21,0.2
4.416,0,801.21,0.2
4.421,0,801.21,0.2
4.426,0,801.21,0.2
4.431,0,801.21,0.2
4.437,0,801.21,0.2
4.441,460,801.54,0.2
4.446,0,801.54,0.2
4.451,253,801.64,0.2
4.456,841,802.74,0.2
4.461,398,802.99,0.2
4.467,0,802.99,0.2
4.471,22,802.99,0.2
4.476,0,802.99,0.2
4.481,0,802.99,0.2
4.486,0,802.99,0.2
4.491,0,802.99,0.2
4.496,1359,805.86,0.2
4.502,0,805.86,0.2
4.506,0,805.86,0.2
4.511,0,805.86,0.2
4.516,4095,831.47,0.2
4.521,887,832.65,0.2
4.526,646,833.27,0.2
4.531,359,833.47,0.2
4.536,1560,837.11,0.2
4.541,926,838.38,0.2
4.546,1016,839.92,0.2
4.551,265,840.03,0.2
4.556,0,840.03,0.2
4.561,941,841.29,0.21
4.566,3817,862.67,0.21
4.571,2298,870.28,0.21
4.576,2048,876.29,0.21
4.581,2137,882.78,0.22
4.586,408,882.99,0.22
4.591,0,882.99,0.22
4.596,0,882.99,0.22
4.601,1514,886.23,0.22
4.606,763,887.05,0.22
4.612,2729,897.49,0.22
4.616,3671,916.06,0.22
4.621,2808,926.76,0.23
4.626,0,926.76,0.23
4.631,894,927.84,0.23
4.636,3262,941.6,0.23
4.641,413,941.83,0.23
4.646,1272,943.98,0.23
4.651,554,944.35,0.23
4.656,0,944.35,0.23
4.661,686,944.97,0.23
4.667,0,944.97,0.23
4.671,237,945.05,0.23
4.676,1534,948.15,0.23
4.681,638,948.69,0.23
4.686,0,948.69,0.23
4.691,1326,951.0,0.23
4.697,582,951.45,0.23
4.701,942,952.61,0.23
4.706,696,953.25,0.23
4.711,1408,955.84,0.23
4.716,2023,961.18,0.23
4.721,1967,966.2,0.24
4.726,1725,970.03,0.24
4.732,2717,979.5,0.24
4.736,478,979.79,0.24
4.741,3256,993.23,0.24
4.746,607,993.69,0.24
4.752,1226,995.58,0.24
4.756,0,995.58,0.24
4.761,409,995.79,0.24
4.766,1435,998.37,0.24
4.771,890,999.35,0.24
4.776,346,999.5,0.24
4.782,0,999.5,0.24
4.786,670,1000.06,0.24
4.791,1079,1001.51,0.24
4.796,940,1002.61,0.24
4.801,0,1002.61,0.24
4.806,520,999.85,0.24
4.811,0,999.62,0.24
4.816,396,992.22,0.24
4.821,1879,996.66,0.24
4.826,0,996.33,0.24
4.831,1615,999.25,0.24
4.837,334,998.89,0.24
4.841,0,998.89,0.24
4.846,0,998.89,0.24
4.851,1433,1001.4,0.24
4.856,1232,1000.89,0.24
4.861,153,1000.92,0.24
4.866,1486,999.63,0.24
4.871,3210,1012.43,0.25
4.876,0,1012.0,0.25
4.881,47,1012.0,0.25
4.886,1454,1014.16,0.25
4.891,3438,1025.49,0.25
4.897,2921,1035.83,0.25
4.901,798,1036.46,0.25
4.906,1629,1039.65,0.25
4.911,0,1039.65,0.25
4.916,831,1036.21,0.25
4.921,1353,1032.31,0.25
4.926,633,1032.78,0.25
4.932,57,1029.19,0.25
4.936,202,1019.58,0.25
4.941,45,1019.58,0.25
4.946,779,1019.29,0.25
4.952,2376,1024.96,0.25
4.956,366,1025.1,0.25
4.961,458,1025.36,0.25
4.966,1002,1026.55,0.25
4.971,568,1026.61,0.25
4.976,0,1026.33,0.25
4.981,1468,1028.95,0.25
4.986,173,1028.94,0.25
4.991,18,1028.01,0.25
4.996,0,1028.01,0.25
5.001,0,1027.5,0.25
5.006,0,1026.88,0.25
5.011,0,1025.85,0.25
5.016,0,1016.21,0.25
5.021,0,997.2,0.24
5.026,0,997.2,0.24
5.031,0,997.01,0.24
5.036,0,990.97,0.24
5.041,0,990.97,0.24
5.047,204,991.03,0.24
5.051,186,989.22,0.24
5.056,279,986.28,0.24
5.061,0,986.07,0.24
5.067,0,981.19,0.24
5.071,0,981.19,0.24
5.076,0,977.66,0.24
5.082,0,976.06,0.24
5.086,0,968.67,0.24
5.091,0,966.63,0.24
5.096,0,960.53,0.23
5.101,0,957.61,0.23
5.106,0,957.61,0.23
5.111,0,942.7,0.23
5.116,16,940.33,0.23
5.121,0,936.15,0.23
5.126,0,924.45,0.23
5.131,0,924.45,0.23
5.136,0,924.31,0.23
5.141,0,923.92,0.23
5.146,0,923.92,0.23
5.151,0,923.9,0.23
5.157,0,923.29,0.23
5.161,0,923.26,0.23
5.166,0,915.85,0.22
5.171,362,916.03,0.22
5.176,0,916.03,0.22
5.182,0,916.03,0.22
5.186,0,916.03,0.22
5.191,0,915.68,0.22
5.196,0,913.84,0.22
5.201,0,913.13,0.22
5.206,0,913.1,0.22
5.212,0,912.09,0.22
5.216,0,911.56,0.22
5.221,19,911.56,0.22
5.226,0,911.56,0.22
5.231,0,911.36,0.22
5.236,0,910.3,0.22
5.241,0,902.62,0.22
5.246,0,896.37,0.22
5.251,345,896.39,0.22
5.256,0,896.26,0.22
5.261,0,894.98,0.22
5.266,0,894.07,0.22
5.271,0,894.07,0.22
5.277,0,894.07,0.22
5.282,0,894.07,0.22
5.287,0,894.06,0.22
5.292,0,894.06,0.22
5.297,221,894.13,0.22
5.302,301,894.26,0.22
5.307,0,893.06,0.22
5.312,0,892.92,0.22
5.317,0,892.7,0.22
5.322,0,885.39,0.22
5.327,0,879.57,0.21
5.332,0,877.2,0.21
5.337,0,875.26,0.21
5.342,0,875.1,0.21
5.347,77,872.66,0.21
5.352,0,872.65,0.21
5.357,0,872.65,0.21
5.362,0,869.81,0.21
5.367,0,866.38,0.21
5.372,42,866.37,0.21
5.377,0,866.33,0.21
5.382,0,866.23,0.21
5.387,331,866.08,0.21
5.392,39,866.08,0.21
5.397,0,864.97,0.21
5.402,0,864.97,0.21
5.407,0,861.44,0.21
5.413,0,859.26,0.21
5.417,0,858.61,0.21
5.422,0,858.61,0.21
5.427,0,858.61,0.21
5.432,0,858.61,0.21
5.437,0,857.57,0.21
5.443,0,857.57,0.21
5.447,0,857.5,0.21
5.452,0,855.73,0.21
5.457,0,855.38,0.21
5.462,0,844.78,0.21
5.467,0,844.66,0.21
5.472,0,839.29,0.2
5.477,119,836.5,0.2
5.482,0,835.14,0.2
5.487,0,835.02,0.2
5.492,0,835.0,0.2
5.497,0,835.0,0.2
5.502,0,834.5,0.2
5.507,0,834.5,0.2
5.512,0,833.24,0.2
5.517,0,833.24,0.2
5.522,0,833.22,0.2
5.527,0,831.29,0.2
5.532,0,831.29,0.2
5.538,0,830.46,0.2
5.542,0,830.46,0.2
5.547,0,827.95,0.2
5.552,0,827.95,0.2
5.558,0,827.85,0.2
5.562,0,817.13,0.2
5.567,0,817.13,0.2
5.572,0,817.13,0.2
5.577,0,817.04,0.2
5.582,0,815.81,0.2
5.587,0,813.97,0.2
5.592,0,806.82,0.2
5.597,0,806.2,0.2
5.602,0,805.73,0.2
5.607,0,804.07,0.2
5.612,0,804.07,0.2
5.617,0,804.0,0.2
5.622,0,793.16,0.19
5.627,0,774.72,0.19
5.632,0,773.7,0.19
5.637,0,764.13,0.19
5.643,0,764.13,0.19
5.647,0,762.97,0.19
5.652,0,762.94,0.19
5.657,0,762.91,0.19
5.662,0,762.91,0.19
5.667,0,762.38,0.19
5.672,0,762.38,0.19
5.677,0,762.38,0.19
5.682,0,762.15,0.19
5.687,0,761.98,0.19
5.692,0,759.68,0.19
5.697,0,759.68,0.19
5.702,0,758.48,0.19
5.707,0,758.07,0.18
5.712,0,757.86,0.18
5.717,0,757.25,0.18
5.722,0,755.53,0.18
5.727,0,755.51,0.18
5.732,0,754.9,0.18
5.737,0,754.08,0.18
5.742,0,754.08,0.18
5.747,0,752.46,0.18
5.752,0,752.14,0.18
5.758,168,752.18,0.18
5.762,0,752.17,0.18
5.767,0,752.14,0.18
5.772,0,752.14,0.18
5.777,0,745.8,0.18
5.782,0,742.72,0.18
5.787,0,742.71,0.18
5.792,0,742.71,0.18
5.797,0,742.71,0.18
5.802,455,741.72,0.18
5.807,0,741.11,0.18
5.812,139,741.14,0.18
5.817,0,740.9,0.18
5.822,0,740.86,0.18
5.827,0,740.86,0.18
5.832,0,740.86,0.18
5.837,0,740.75,0.18
5.843,0,739.65,0.18
5.847,0,738.4,0.18
5.852,0,738.4,0.18
5.857,231,738.34,0.18
5.862,0,738.34,0.18
5.867,0,728.16,0.18
5.872,0,723.25,0.18
5.877,0,723.25,0.18
5.882,0,723.25,0.18
5.887,0,723.25,0.18
5.892,0,723.25,0.18
5.897,0,723.25,0.18
5.902,0,723.25,0.18
5.907,0,723.25,0.18
5.912,0,723.25,0.18
5.917,0,723.25,0.18
5.922,123,723.27,0.18
5.928,0,723.22,0.18
5.932,0,722.94,0.18
5.938,0,722.94,0.18
5.942,0,722.94,0.18
5.947,0,722.32,0.18
5.952,0,722.15,0.18
5.957,0,722.15,0.18
5.963,0,722.15,0.18
5.967,0,722.15,0.18
5.972,0,722.15,0.18
5.977,0,722.15,0.18
5.982,0,722.15,0.18
5.988,0,722.15,0.18
5.992,0,722.15,0.18
5.997,0,722.15,0.18
6.002,0,722.15,0.18
6.007,0,722.15,0.18
6.012,0,722.15,0.18
6.017,0,722.15,0.18
6.022,0,722.15,0.18
6.057,0,722.15,0.18
6.066,0,722.15,0.18
6.066,0,722.15,0.18
6.067,0,721.86,0.18
6.067,0,721.86,0.18
6.068,0,721.86,0.18
6.069,0,721.86,0.18
6.07,0,721.86,0.18
6.071,0,721.86,0.18
6.072,0,721.86,0.18
6.077,0,721.86,0.18
6.082,0,721.86,0.18
6.087,0,721.86,0.18
6.092,0,721.86,0.18
6.097,0,721.86,0.18
6.102,0,721.86,0.18
6.107,0,721.86,0.18
6.112,0,721.86,0.18
6.117,0,721.86,0.18
6.122,0,721.86,0.18
6.127,0,721.86,0.18
6.132,219,721.95,0.18
6.137,0,721.95,0.18
6.142,0,721.95,0.18
6.147,0,721.95,0.18
6.152,0,721.95,0.18
6.157,0,721.95,0.18
6.162,0,721.95,0.18
6.167,0,721.95,0.18
6.172,0,721.95,0.18
6.177,0,721.95,0.18
6.183,0,721.95,0.18
6.188,0,721.95,0.18
6.192,0,721.95,0.18
6.197,0,721.95,0.18
6.202,0,721.95,0.18
6.207,0,721.95,0.18
6.212,0,721.95,0.18
6.217,0,721.95,0.18
6.223,0,721.85,0.18
6.227,0,721.85,0.18
6.232,0,721.85,0.18
6.237,0,721.85,0.18
6.243,0,721.85,0.18
6.247,0,721.85,0.18
6.252,0,721.85,0.18
6.257,0,721.85,0.18
6.262,0,721.85,0.18
6.267,0,721.85,0.18
6.272,0,721.85,0.18
6.277,0,721.85,0.18
6.282,0,721.85,0.18
6.287,0,721.85,0.18
6.292,0,721.85,0.18
6.297,0,721.85,0.18
6.302,0,721.85,0.18
6.307,0,721.85,0.18
6.312,0,721.85,0.18
6.317,0,721.85,0.18
6.322,0,721.85,0.18
6.328,0,721.85,0.18
6.332,0,721.85,0.18
6.337,0,721.85,0.18
6.342,0,721.85,0.18
6.347,0,721.85,0.18
6.352,0,721.85,0.18
6.357,0,721.85,0.18
6.362,0,721.85,0.18
6.367,0,721.85,0.18
6.372,0,721.85,0.18
6.377,0,721.85,0.18
6.382,0,721.85,0.18
6.388,0,721.85,0.18
6.392,0,721.85,0.18
6.397,0,721.85,0.18
6.402,0,721.85,0.18
6.407,0,721.85,0.18
6.413,0,721.85,0.18
6.417,0,721.85,0.18
6.422,0,721.85,0.18
6.427,0,721.85,0.18
6.432,0,721.85,0.18
6.437,0,721.85,0.18
6.442,0,721.48,0.18
6.447,0,721.48,0.18
6.452,0,721.37,0.18
6.457,0,720.15,0.18
6.462,0,719.87,0.18
6.467,0,719.87,0.18
6.472,0,719.87,0.18
6.477,0,719.87,0.18
6.482,0,719.87,0.18
6.487,0,719.87,0.18
6.492,0,719.87,0.18
6.497,0,716.66,0.17
6.502,0,716.66,0.17
6.507,0,716.66,0.17
6.512,0,716.66,0.17
6.517,0,686.79,0.17
6.522,0,685.35,0.17
6.527,0,684.59,0.17
6.532,0,684.35,0.17
6.537,0,679.9,0.17
6.542,0,678.32,0.17
6.547,0,676.41,0.17
6.552,0,676.28,0.16
6.557,0,676.28,0.16
6.562,0,674.64,0.16
6.567,0,647.09,0.16
6.572,0,636.8,0.16
6.577,0,628.52,0.15
6.582,0,619.37,0.15
6.588,0,619.03,0.15
6.592,0,619.03,0.15
6.597,0,619.03,0.15
6.602,0,614.39,0.15
6.607,0,613.2,0.15
6.612,0,597.83,0.15
6.617,0,568.95,0.14
6.622,0,551.35,0.13
6.627,0,551.35,0.13
6.632,0,549.54,0.13
6.637,0,524.78,0.13
6.642,0,524.37,0.13
6.648,0,520.5,0.13
6.652,0,519.76,0.13
6.657,0,519.76,0.13
6.662,0,518.63,0.13
6.667,0,518.63,0.13
6.672,0,518.49,0.13
6.677,0,512.79,0.13
6.682,0,511.8,0.12
6.687,0,511.8,0.12
6.692,0,507.48,0.12
6.697,0,506.65,0.12
6.702,0,504.46,0.12
6.707,0,503.25,0.12
6.712,0,498.31,0.12
6.717,0,487.93,0.12
6.722,0,477.92,0.12
6.727,0,470.07,0.11
6.732,0,450.01,0.11
6.737,0,449.38,0.11
6.742,0,418.85,0.1
6.747,0,417.75,0.1
6.752,0,413.23,0.1
6.757,0,413.23,0.1
6.762,0,412.72,0.1
6.767,0,406.44,0.1
6.772,0,403.99,0.1
6.777,0,403.62,0.1
6.782,0,403.62,0.1
6.787,0,402.23,0.1
6.793,0,398.59,0.1
6.797,0,395.81,0.1
6.802,0,395.81,0.1
6.807,0,394.96,0.1
6.812,0,394.96,0.1
6.817,0,394.46,0.1
6.822,0,383.11,0.09
6.827,0,383.11,0.09
6.832,0,374.5,0.09
6.837,0,374.13,0.09
6.842,0,374.13,0.09
6.848,0,374.13,0.09
6.852,0,367.21,0.09
6.857,0,362.0,0.09
6.862,0,361.92,0.09
6.867,0,354.21,0.09
6.872,0,315.76,0.08
6.877,0,315.76,0.08
6.882,0,315.76,0.08
6.887,0,307.27,0.07
6.892,0,254.69,0.06
6.897,0,208.65,0.05
6.903,0,204.8,0.05
6.907,0,187.91,0.05
6.912,0,187.91,0.05
6.917,0,183.26,0.04
6.922,0,170.31,0.04
6.927,0,167.35,0.04
6.932,0,167.32,0.04
6.937,0,167.02,0.04
6.942,0,167.0,0.04
6.947,0,162.4,0.04
6.952,0,110.72,0.03
6.958,0,109.2,0.03
6.962,0,106.77,0.03
6.968,0,94.29,0.02
6.972,0,89.91,0.02
6.977,0,89.91,0.02
6.982,0,51.92,0.01
6.987,0,51.2,0.01
6.992,0,51.19,0.01
6.997,0,51.19,0.01
7.002,0,51.19,0.01
7.007,0,51.19,0.01
7.013,0,51.19,0.01
7.017,0,51.19,0.01
7.022,0,51.19,0.01
7.027,0,51.19,0.01
7.032,0,51.19,0.01
7.037,0,51.19,0.01
7.042,0,51.19,0.01
7.047,0,50.16,0.01
7.052,0,49.29,0.01
7.057,0,47.28,0.01
7.062,0,47.28,0.01
7.067,0,47.28,0.01
7.073,0,47.28,0.01
7.077,0,47.28,0.01
7.082,0,47.28,0.01
7.087,0,47.28,0.01
7.092,0,47.28,0.01
7.097,0,47.28,0.01
7.102,0,47.28,0.01
7.107,0,47.28,0.01
7.112,0,47.28,0.01
7.117,0,47.27,0.01
7.122,0,47.27,0.01
7.128,0,47.27,0.01
7.132,0,47.27,0.01
7.137,0,47.27,0.01
7.142,0,47.27,0.01
7.147,0,47.27,0.01
7.152,0,47.27,0.01
7.158,0,47.27,0.01
7.162,0,47.27,0.01
7.167,0,47.27,0.01
7.172,0,43.67,0.01
7.177,0,43.67,0.01
7.182,0,43.67,0.01
7.187,0,43.67,0.01
7.192,0,43.67,0.01
7.197,0,43.67,0.01
7.202,0,43.67,0.01
7.207,0,43.67,0.01
7.212,0,43.67,0.01
7.217,0,43.67,0.01
7.222,0,43.66,0.01
7.227,0,43.66,0.01
7.232,0,43.66,0.01
7.238,0,43.66,0.01
7.242,0,43.66,0.01
7.247,0,43.66,0.01
7.252,0,40.11,0.01
7.258,0,40.11,0.01
7.262,0,40.11,0.01
7.267,0,40.11,0.01
7.273,0,40.11,0.01
7.279,0,40.11,0.01
7.283,0,40.11,0.01
7.288,0,40.11,0.01
7.293,0,40.11,0.01
7.298,0,38.55,0.01
7.303,0,35.49,0.01
7.308,0,35.49,0.01
7.314,0,35.49,0.01
7.318,0,35.49,0.01
7.323,0,35.49,0.01
7.328,0,35.49,0.01
7.333,0,35.49,0.01
7.338,0,35.49,0.01
7.343,0,35.49,0.01
7.348,0,35.29,0.01
7.353,0,35.29,0.01
7.358,0,35.29,0.01
7.363,0,35.29,0.01
7.368,0,35.29,0.01
7.373,0,35.22,0.01
7.378,0,35.22,0.01
7.383,0,35.22,0.01
7.388,0,31.09,0.01
7.393,0,31.03,0.01
7.399,0,31.03,0.01
7.403,0,31.03,0.01
7.408,0,31.03,0.01
7.413,0,31.03,0.01
7.418,0,31.03,0.01
7.424,0,31.03,0.01
7.428,0,31.03,0.01
7.433,0,31.03,0.01
7.438,0,31.03,0.01
7.443,0,31.03,0.01
7.449,0,31.03,0.01
7.453,0,31.03,0.01
7.458,0,31.03,0.01
7.463,0,31.03,0.01
7.468,0,31.03,0.01
7.473,0,31.03,0.01
7.478,0,30.46,0.01
7.483,0,30.46,0.01
7.488,0,30.46,0.01
7.493,0,30.46,0.01
7.498,0,30.46,0.01
7.503,0,30.46,0.01
7.508,0,30.46,0.01
7.513,0,30.46,0.01
7.518,0,30.46,0.01
7.523,0,30.46,0.01
7.528,0,30.46,0.01
7.533,0,30.46,0.01
7.538,0,30.46,0.01
7.543,0,30.46,0.01
7.548,0,30.46,0.01
7.553,0,30.46,0.01
7.558,0,30.46,0.01
7.563,0,30.46,0.01
7.568,0,30.46,0.01
7.573,0,30.46,0.01
7.578,0,30.46,0.01
7.583,0,30.46,0.01
7.588,0,30.46,0.01
7.593,0,30.46,0.01
7.598,0,30.46,0.01
7.603,0,30.46,0.01
7.608,0,30.46,0.01
7.613,0,30.46,0.01
7.618,0,30.46,0.01
7.623,0,30.46,0.01
7.628,0,30.46,0.01
7.633,0,30.46,0.01
7.638,0,30.46,0.01
7.643,0,30.46,0.01
7.648,0,30.46,0.01
7.653,0,30.46,0.01
7.658,0,30.46,0.01
7.663,0,30.46,0.01
7.668,0,30.46,0.01
7.673,0,30.46,0.01
7.678,0,30.46,0.01
7.683,0,30.46,0.01
7.688,0,30.46,0.01
7.693,0,30.46,0.01
7.698,0,30.46,0.01
7.703,0,30.46,0.01
7.708,0,30.46,0.01
7.713,0,30.46,0.01
7.718,0,30.46,0.01
7.723,0,30.46,0.01
7.728,0,30.46,0.01
7.733,0,30.46,0.01
7.738,0,30.46,0.01
7.743,0,30.46,0.01
7.748,0,30.46,0.01
7.753,0,30.46,0.01
7.758,0,29.27,0.01
7.763,0,29.27,0.01
7.768,0,29.27,0.01
7.773,0,29.27,0.01
7.778,0,29.27,0.01
7.783,0,29.27,0.01
7.788,0,29.27,0.01
7.793,0,29.27,0.01
7.804,0,29.27,0.01
7.805,0,18.42,0.0
7.808,0,18.42,0.0
7.814,0,17.06,0.0
7.822,0,17.06,0.0
7.825,0,17.06,0.0
7.828,0,17.06,0.0
7.833,0,17.06,0.0
7.838,0,17.06,0.0
7.843,0,17.06,0.0
7.848,0,17.06,0.0
7.853,0,17.06,0.0
7.858,0,12.56,0.0
7.863,0,12.56,0.0
7.869,0,12.56,0.0
7.873,0,12.56,0.0
7.878,0,12.56,0.0
7.883,0,12.56,0.0
7.888,0,12.56,0.0
7.893,0,12.56,0.0
7.898,0,12.56,0.0
7.903,0,12.56,0.0
7.909,0,12.56,0.0
7.913,0,12.56,0.0
7.918,0,12.56,0.0
7.923,0,10.95,0.0
7.928,0,10.95,0.0
7.933,0,10.95,0.0
7.938,0,10.95,0.0
7.943,0,10.95,0.0
7.948,0,10.95,0.0
7.953,0,10.95,0.0
7.958,0,10.95,0.0
7.963,0,10.95,0.0
7.969,0,10.95,0.0
7.973,0,10.95,0.0
7.978,0,10.95,0.0
7.983,0,10.95,0.0
7.988,0,10.95,0.0
7.993,0,10.95,0.0
7.998,0,10.95,0.0
8.003,0,10.95,0.0
8.008,0,10.95,0.0
8.013,0,10.95,0.0
8.018,0,10.95,0.0
8.023,0,10.95,0.0
8.028,0,10.95,0.0
8.033,0,10.95,0.0
8.038,0,10.95,0.0
8.043,0,10.95,0.0
8.048,0,10.95,0.0
8.053,0,10.95,0.0
8.058,0,10.95,0.0
8.063,0,10.95,0.0
8.068,0,10.95,0.0
8.073,0,10.95,0.0
8.078,0,10.95,0.0
8.084,0,10.95,0.0
8.088,0,10.95,0.0
8.093,0,10.95,0.0
8.098,0,10.95,0.0
8.103,0,10.95,0.0
8.108,0,10.95,0.0
8.113,0,10.95,0.0
8.118,0,10.95,0.0
8.123,0,10.95,0.0
8.128,0,10.95,0.0
8.133,0,0.0,0.0
8.138,0,0.0,0.0
8.143,0,0.0,0.0
8.148,0,0.0,0.0
8.153,0,0.0,0.0
8.158,0,0.0,0.0
8.163,0,0.0,0.0
8.168,0,0.0,0.0
8.173,0,0.0,0.0
8.178,0,0.0,0.0
8.183,0,0.0,0.0
8.188,0,0.0,0.0
8.194,0,0.0,0.0
8.198,0,0.0,0.0
8.203,0,0.0,0.0
8.208,0,0.0,0.0
8.213,0,0.0,0.0
8.218,0,0.0,0.0
8.223,0,0.0,0.0
8.228,0,0.0,0.0
8.233,0,0.0,0.0
8.238,0,0.0,0.0
8.243,0,0.0,0.0
8.248,0,0.0,0.0
8.253,0,0.0,0.0
8.258,0,0.0,0.0
8.263,0,0.0,0.0
8.268,0,0.0,0.0
8.273,0,0.0,0.0
8.278,0,0.0,0.0
8.283,0,0.0,0.0
8.288,0,0.0,0.0
8.293,0,0.0,0.0
8.298,0,0.0,0.0
8.303,0,0.0,0.0
8.308,0,0.0,0.0
8.313,0,0.0,0.0
8.318,0,0.0,0.0
8.323,0,0.0,0.0
8.328,0,0.0,0.0
8.333,0,0.0,0.0
8.338,0,0.0,0.0
8.343,0,0.0,0.0
8.348,0,0.0,0.0
8.353,0,0.0,0.0
8.358,0,0.0,0.0
8.363,0,0.0,0.0
8.368,0,0.0,0.0
8.373,0,0.0,0.0
8.378,0,0.0,0.0
8.383,0,0.0,0.0
8.388,0,0.0,0.0
8.393,0,0.0,0.0
8.398,0,0.0,0.0
8.403,0,0.0,0.0
8.408,0,0.0,0.0
8.413,0,0.0,0.0
8.418,0,0.0,0.0
8.423,0,0.0,0.0
8.429,0,0.0,0.0
8.433,0,0.0,0.0
8.438,0,0.0,0.0
8.443,0,0.0,0.0
8.449,0,0.0,0.0
8.453,0,0.0,0.0
8.458,0,0.0,0.0
8.463,0,0.0,0.0
8.468,0,0.0,0.0
8.473,0,0.0,0.0
8.478,0,0.0,0.0
8.484,0,0.0,0.0
8.488,0,0.0,0.0
8.493,0,0.0,0.0
8.498,0,0.0,0.0
8.503,0,0.0,0.0
8.508,0,0.0,0.0
8.513,0,0.0,0.0
8.518,0,0.0,0.0
8.523,0,0.0,0.0
8.528,0,0.0,0.0
8.533,0,0.0,0.0
8.538,0,0.0,0.0
8.544,0,0.0,0.0
8.548,0,0.0,0.0
8.553,0,0.0,0.0
8.558,0,0.0,0.0
8.564,0,0.0,0.0
8.568,0,0.0,0.0
8.573,0,0.0,0.0
8.578,0,0.0,0.0
8.583,0,0.0,0.0
8.588,0,0.0,0.0
8.593,0,0.0,0.0
8.598,0,0.0,0.0
8.603,0,0.0,0.0
8.608,0,0.0,0.0
8.613,0,0.0,0.0
8.618,0,0.0,0.0
8.623,0,0.0,0.0
8.628,0,0.0,0.0
8.633,0,0.0,0.0
8.638,0,0.0,0.0
8.643,0,0.0,0.0
8.648,0,0.0,0.0
8.653,0,0.0,0.0
8.659,0,0.0,0.0
8.663,0,0.0,0.0
8.668,0,0.0,0.0
8.673,0,0.0,0.0
8.678,0,0.0,0.0
8.683,0,0.0,0.0
8.688,0,0.0,0.0
8.693,0,0.0,0.0
8.698,0,0.0,0.0
8.703,0,0.0,0.0
8.708,0,0.0,0.0
8.713,0,0.0,0.0
8.718,0,0.0,0.0
8.723,0,0.0,0.0
8.728,0,0.0,0.0
8.733,0,0.0,0.0
8.738,0,0.0,0.0
8.743,0,0.0,0.0
8.748,0,0.0,0.0
8.753,0,0.0,0.0
8.758,0,0.0,0.0
8.763,0,0.0,0.0
8.768,0,0.0,0.0
8.773,0,0.0,0.0
8.778,0,0.0,0.0
8.783,0,0.0,0.0
8.788,0,0.0,0.0
8.793,0,0.0,0.0
8.798,0,0.0,0.0
8.803,0,0.0,0.0
8.808,0,0.0,0.0
8.813,0,0.0,0.0
8.818,0,0.0,0.0
8.823,0,0.0,0.0
8.828,0,0.0,0.0
8.833,0,0.0,0.0
8.838,0,0.0,0.0
8.843,0,0.0,0.0
8.848,0,0.0,0.0
8.853,0,0.0,0.0
8.858,0,0.0,0.0
8.863,0,0.0,0.0
8.868,0,0.0,0.0
8.873,0,0.0,0.0
8.878,0,0.0,0.0
8.883,0,0.0,0.0
8.888,0,0.0,0.0
8.893,0,0.0,0.0
8.898,0,0.0,0.0
8.903,0,0.0,0.0
8.908,0,0.0,0.0
8.913,0,0.0,0.0
8.918,0,0.0,0.0
8.923,0,0.0,0.0
8.928,0,0.0,0.0
8.933,0,0.0,0.0
8.938,0,0.0,0.0
8.943,0,0.0,0.0
8.948,0,0.0,0.0
8.953,0,0.0,0.0
8.958,0,0.0,0.0
8.963,0,0.0,0.0
8.968,0,0.0,0.0
8.973,0,0.0,0.0
8.978,0,0.0,0.0
8.983,0,0.0,0.0
8.988,0,0.0,0.0
8.993,0,0.0,0.0
8.998,0,0.0,0.0
9.003,0,0.0,0.0
9.008,0,0.0,0.0
9.013,0,0.0,0.0
9.018,0,0.0,0.0
9.023,0,0.0,0.0
9.028,0,0.0,0.0
9.033,0,0.0,0.0
9.038,0,0.0,0.0
9.043,0,0.0,0.0
9.048,0,0.0,0.0
9.053,0,0.0,0.0
9.058,0,0.0,0.0
9.063,0,0.0,0.0
9.068,0,0.0,0.0
9.073,0,0.0,0.0
9.078,0,0.0,0.0
9.083,0,0.0,0.0
9.088,0,0.0,0.0
9.093,0,0.0,0.0
9.098,0,0.0,0.0
9.104,0,0.0,0.0
9.109,0,0.0,0.0
9.113,0,0.0,0.0
9.118,0,0.0,0.0
9.123,0,0.0,0.0
9.128,0,0.0,0.0
9.133,0,0.0,0.0
9.138,0,0.0,0.0
9.143,0,0.0,0.0
9.148,0,0.0,0.0
9.153,0,0.0,0.0
9.158,0,0.0,0.0
9.164,0,0.0,0.0
9.168,0,0.0,0.0
9.173,0,0.0,0.0
9.178,0,0.0,0.0
9.183,0,0.0,0.0
9.188,0,0.0,0.0
9.193,0,0.0,0.0
9.199,0,0.0,0.0
9.203,0,0.0,0.0
9.208,0,0.0,0.0
9.213,0,0.0,0.0
9.218,0,0.0,0.0
9.223,0,0.0,0.0
9.229,0,0.0,0.0
9.233,0,0.0,0.0
9.238,0,0.0,0.0
9.243,0,0.0,0.0
9.248,0,0.0,0.0
9.253,0,0.0,0.0
9.258,0,0.0,0.0
9.263,0,0.0,0.0
9.268,0,0.0,0.0
9.273,0,0.0,0.0
9.279,0,0.0,0.0
9.284,0,0.0,0.0
9.289,0,0.0,0.0
9.294,0,0.0,0.0
9.299,0,0.0,0.0
9.304,0,0.0,0.0
9.309,0,0.0,0.0
9.314,0,0.0,0.0
9.319,0,0.0,0.0
9.324,0,0.0,0.0
9.329,0,0.0,0.0
9.334,0,0.0,0.0
9.339,0,0.0,0.0
9.344,0,0.0,0.0
9.349,0,0.0,0.0
9.354,0,0.0,0.0
9.359,0,0.0,0.0
9.364,0,0.0,0.0
9.369,0,0.0,0.0
9.374,0,0.0,0.0
9.379,0,0.0,0.0
9.384,0,0.0,0.0
9.389,0,0.0,0.0
9.394,0,0.0,0.0
9.399,0,0.0,0.0
9.404,0,0.0,0.0
9.409,0,0.0,0.0
9.414,0,0.0,0.0
9.419,0,0.0,0.0
9.424,0,0.0,0.0
9.429,0,0.0,0.0
9.434,0,0.0,0.0
9.439,0,0.0,0.0
9.444,0,0.0,0.0
9.449,0,0.0,0.0
9.455,0,0.0,0.0
9.459,0,0.0,0.0
9.464,0,0.0,0.0
9.469,0,0.0,0.0
9.474,0,0.0,0.0
9.479,0,0.0,0.0
9.484,0,0.0,0.0
9.489,0,0.0,0.0
9.496,0,0.0,0.0
9.511,0,0.0,0.0
9.521,0,0.0,0.0
9.522,0,0.0,0.0
9.522,0,0.0,0.0
9.522,0,0.0,0.0
9.524,0,0.0,0.0
9.529,0,0.0,0.0
9.534,0,0.0,0.0
9.539,0,0.0,0.0
9.544,0,0.0,0.0
9.549,0,0.0,0.0
9.554,0,0.0,0.0
9.559,0,0.0,0.0
9.564,0,0.0,0.0
9.569,0,0.0,0.0
9.574,0,0.0,0.0
9.579,0,0.0,0.0
9.584,0,0.0,0.0
9.589,0,0.0,0.0
9.594,0,0.0,0.0
9.599,0,0.0,0.0
9.604,0,0.0,0.0
9.609,0,0.0,0.0
9.614,0,0.0,0.0
9.619,0,0.0,0.0
9.624,0,0.0,0.0
9.629,0,0.0,0.0
9.634,0,0.0,0.0
9.639,0,0.0,0.0
9.644,0,0.0,0.0
9.649,0,0.0,0.0
9.654,0,0.0,0.0
9.659,0,0.0,0.0
9.665,0,0.0,0.0
9.669,0,0.0,0.0
9.674,0,0.0,0.0
9.679,0,0.0,0.0
9.684,0,0.0,0.0
9.689,0,0.0,0.0
9.694,0,0.0,0.0
9.699,0,0.0,0.0
9.704,0,0.0,0.0
9.709,0,0.0,0.0
9.714,0,0.0,0.0
9.719,0,0.0,0.0
9.724,0,0.0,0.0
9.729,0,0.0,0.0
9.734,0,0.0,0.0
9.739,0,0.0,0.0
9.744,0,0.0,0.0
9.749,0,0.0,0.0
9.754,0,0.0,0.0
9.759,0,0.0,0.0
9.764,0,0.0,0.0
9.769,0,0.0,0.0
9.774,46,2.3,0.0
9.779,6,2.32,0.0
9.784,6,2.34,0.0
9.789,271,13.75,0.0
9.794,0,13.75,0.0
9.799,24,13.8,0.0
9.804,0,13.8,0.0
9.809,1431,72.87,0.02
9.814,1021,88.97,0.02
9.819,1368,112.23,0.03
9.824,670,117.12,0.03
9.829,0,117.12,0.03
9.834,0,117.12,0.03
9.839,395,118.77,0.03
9.844,0,118.77,0.03
9.849,318,119.83,0.03
9.855,589,123.4,0.03
9.86,3,123.4,0.03
9.864,0,123.4,0.03
9.869,1403,141.94,0.03
9.874,1021,150.84,0.04
9.88,923,157.75,0.04
9.884,77,157.79,0.04
9.889,197,158.1,0.04
9.894,2222,193.23,0.05
9.899,2026,218.18,0.05
9.904,1486,230.48,0.06
9.909,573,232.25,0.06
9.915,1368,242.12,0.06
9.919,4095,317.09,0.08
9.924,311,317.47,0.08
9.929,28,317.47,0.08
9.934,0,317.47,0.08
9.939,104,317.51,0.08
9.944,0,317.51,0.08
9.949,6,317.51,0.08
9.954,750,319.72,0.08
9.959,1566,329.17,0.08
9.964,22,329.17,0.08
9.969,877,332.08,0.08
9.974,1583,341.38,0.08
9.979,0,341.38,0.08
9.984,618,342.78,0.08
9.989,1112,347.26,0.08
9.994,159,347.35,0.08
9.999,0,347.35,0.08
10.004,363,347.82,0.08
