Time_s,Raw_EMG,Envelope_EMG
0.0006,-48.0,56.0
0.0008,-17.0,56.0
0.0009,44.0,56.0
0.001,20.0,56.0
0.0012,-15.0,56.0
0.0013,-13.0,54.0
0.0015,-18.0,54.0
0.0016,-9.0,52.0
0.0017,30.0,52.0
0.0018,33.0,50.0
0.0019,-13.0,50.0
0.0021,-38.0,50.0
0.0022,-13.0,50.0
0.0024,21.0,50.0
0.0025,26.0,50.0
0.0026,2.0,50.0
0.0027,-16.0,50.0
0.0029,-12.0,50.0
0.003,-1.0,48.0
0.0031,3.0,48.0
0.0032,9.0,46.0
0.0033,12.0,46.0
0.0034,-5.0,44.0
0.0035,-23.0,44.0
0.0036,-2.0,42.0
0.0038,26.0,42.0
0.0039,6.0,40.0
0.004,-22.0,40.0
0.0041,0.0,40.0
0.0042,17.0,40.0
0.0043,-14.0,40.0
0.0045,-17.0,40.0
0.0046,25.0,40.0
0.0047,22.0,38.0
0.0048,-20.0,38.0
0.0049,-21.0,38.0
0.005,6.0,36.0
0.0051,9.0,36.0
0.0052,3.0,36.0
0.0053,9.0,34.0
0.0055,-2.0,34.0
0.0056,-26.0,34.0
0.0057,-7.0,34.0
0.0058,28.0,34.0
0.0059,14.0,34.0
0.006,-18.0,34.0
0.0062,-15.0,34.0
0.0063,7.0,34.0
0.0064,13.0,34.0
0.0065,0.0,34.0
0.0066,-12.0,32.0
0.0067,-6.0,32.0
0.0068,5.0,32.0
0.0069,7.0,32.0
0.007,8.0,32.0
0.0072,3.0,32.0
0.0074,-19.0,32.0
0.0076,-22.0,32.0
0.0077,23.0,32.0
0.0078,42.0,32.0
0.008,-17.0,32.0
0.0082,-51.0,34.0
0.0083,3.0,34.0
0.0084,39.0,34.0
0.0085,7.0,32.0
0.0086,-16.0,32.0
0.0087,-2.0,30.0
0.0088,0.0,28.0
0.009,-13.0,28.0
0.0091,18.0,26.0
0.0092,40.0,26.0
0.0093,-45.0,26.0
0.0095,-81.0,28.0
0.0096,66.0,28.0
0.0097,125.0,30.0
0.0098,-62.0,32.0
0.01,-143.0,32.0
0.0101,34.0,34.0
0.0103,120.0,34.0
0.0104,-4.0,34.0
0.0106,-69.0,36.0
0.0107,-3.0,36.0
0.0108,23.0,36.0
0.011,-10.0,36.0
0.0111,10.0,36.0
0.0112,39.0,36.0
0.0113,-36.0,36.0
0.0114,-79.0,38.0
0.0115,51.0,38.0
0.0117,114.0,40.0
0.0118,-47.0,40.0
0.0119,-120.0,42.0
0.0121,31.0,42.0
0.0122,94.0,44.0
0.0123,-16.0,44.0
0.0124,-53.0,44.0
0.0125,9.0,44.0
0.0126,18.0,44.0
0.0127,-6.0,44.0
0.0128,9.0,44.0
0.0129,10.0,44.0
0.0131,-36.0,46.0
0.0133,-29.0,46.0
0.0134,50.0,46.0
0.0135,55.0,48.0
0.0136,-39.0,48.0
0.0138,-66.0,48.0
0.0139,14.0,48.0
0.0141,51.0,50.0
0.0142,7.0,50.0
0.0143,-22.0,50.0
0.0145,-12.0,50.0
0.0146,-5.0,50.0
0.0147,3.0,50.0
0.0148,23.0,50.0
0.0149,17.0,50.0
0.0151,-31.0,50.0
0.0152,-43.0,50.0
0.0153,26.0,50.0
0.0154,58.0,52.0
0.0156,-10.0,52.0
0.0157,-49.0,52.0
0.0158,-3.0,52.0
0.0159,28.0,52.0
0.016,10.0,52.0
0.0161,-12.0,52.0
0.0163,-14.0,52.0
0.0164,4.0,52.0
0.0165,17.0,52.0
0.0166,0.0,52.0
0.0167,-14.0,50.0
0.0168,0.0,50.0
0.0169,4.0,50.0
0.017,-5.0,50.0
0.0171,1.0,50.0
0.0172,15.0,50.0
0.0173,1.0,50.0
0.0174,-18.0,50.0
0.0176,-7.0,50.0
0.0177,13.0,48.0
0.0178,9.0,48.0
0.0179,-3.0,48.0
0.018,-7.0,48.0
0.0181,-5.0,48.0
0.0182,1.0,48.0
0.0183,10.0,48.0
0.0184,4.0,48.0
0.0185,-9.0,48.0
0.0186,-4.0,48.0
0.0187,6.0,48.0
0.0188,-2.0,48.0
0.0189,-4.0,48.0
0.019,11.0,48.0
0.0191,3.0,48.0
0.0192,-16.0,48.0
0.0193,-3.0,48.0
0.0194,17.0,48.0
0.0195,7.0,48.0
0.0197,-7.0,48.0
0.0199,-11.0,48.0
0.0201,-8.0,46.0
0.0202,5.0,46.0
0.0203,15.0,46.0
0.0205,7.0,46.0
0.0206,-3.0,46.0
0.0208,-13.0,46.0
0.021,-18.0,46.0
0.0212,5.0,46.0
0.0213,31.0,46.0
0.0215,8.0,46.0
0.0216,-27.0,46.0
0.0218,-15.0,46.0
0.022,12.0,46.0
0.0221,14.0,46.0
0.0222,4.0,46.0
0.0224,-6.0,46.0
0.0225,-12.0,46.0
0.0226,-2.0,46.0
0.0227,13.0,46.0
0.0228,10.0,46.0
0.0229,-9.0,46.0
0.0231,-10.0,46.0
0.0231,5.0,46.0
0.0232,3.0,46.0
0.0234,-4.0,46.0
0.0234,5.0,46.0
0.0236,6.0,46.0
0.0237,-6.0,46.0
0.0238,-9.0,46.0
0.0239,-1.0,44.0
0.024,6.0,44.0
0.0241,9.0,44.0
0.0242,0.0,44.0
0.0243,-8.0,44.0
0.0244,-3.0,44.0
0.0245,0.0,44.0
0.0246,-1.0,44.0
0.0247,6.0,44.0
0.0248,12.0,42.0
0.0249,-2.0,42.0
0.025,-14.0,42.0
0.0252,-5.0,40.0
0.0253,5.0,38.0
0.0254,9.0,38.0
0.0255,4.0,36.0
0.0256,-8.0,34.0
0.0257,-9.0,34.0
0.0258,7.0,34.0
0.0259,12.0,32.0
0.026,-4.0,32.0
0.0262,-18.0,32.0
0.0263,-5.0,32.0
0.0264,21.0,32.0
0.0265,20.0,32.0
0.0267,-13.0,32.0
0.0268,-24.0,30.0
0.0269,0.0,30.0
0.027,10.0,28.0
0.0271,3.0,28.0
0.0273,7.0,26.0
0.0274,2.0,26.0
0.0275,-13.0,24.0
0.0276,-5.0,24.0
0.0277,9.0,24.0
0.0278,1.0,24.0
0.0279,-6.0,24.0
0.028,0.0,24.0
0.0281,1.0,22.0
0.0282,-2.0,22.0
0.0283,5.0,22.0
0.0284,6.0,22.0
0.0285,-6.0,22.0
0.0287,-10.0,20.0
0.0288,-2.0,20.0
0.0289,6.0,20.0
0.029,9.0,18.0
0.0291,0.0,18.0
0.0292,-9.0,18.0
0.0293,-1.0,18.0
0.0294,8.0,18.0
0.0295,-3.0,18.0
0.0296,-14.0,18.0
0.0297,2.0,18.0
0.0298,18.0,18.0
0.0299,6.0,18.0
0.03,-9.0,16.0
0.0302,-10.0,16.0
0.0303,-8.0,16.0
0.0304,5.0,16.0
0.0305,21.0,16.0
0.0306,6.0,16.0
0.0308,-16.0,16.0
0.0309,-14.0,16.0
0.031,-2.0,14.0
0.0311,8.0,14.0
0.0312,14.0,14.0
0.0313,3.0,14.0
0.0314,-10.0,14.0
0.0316,-8.0,14.0
0.0318,0.0,14.0
0.0319,4.0,14.0
0.032,7.0,14.0
0.0321,2.0,14.0
0.0323,-7.0,14.0
0.0324,-9.0,14.0
0.0326,2.0,14.0
0.0327,13.0,14.0
0.0329,4.0,14.0
0.0331,-12.0,14.0
0.0332,-9.0,14.0
0.0334,7.0,14.0
0.0335,11.0,14.0
0.0336,-3.0,14.0
0.0338,-7.0,14.0
0.0339,3.0,14.0
0.034,2.0,14.0
0.0341,-8.0,14.0
0.0342,0.0,14.0
0.0343,14.0,14.0
0.0344,5.0,14.0
0.0345,-11.0,14.0
0.0346,-14.0,16.0
0.0348,0.0,14.0
0.0349,17.0,14.0
0.035,13.0,14.0
0.0351,-9.0,14.0
0.0352,-18.0,16.0
0.0353,-5.0,16.0
0.0354,12.0,16.0
0.0356,16.0,16.0
0.0357,-1.0,16.0
0.0358,-17.0,16.0
0.0359,-7.0,16.0
0.036,8.0,16.0
0.0362,10.0,16.0
0.0362,1.0,14.0
0.0364,-10.0,14.0
0.0365,-10.0,14.0
0.0366,6.0,14.0
0.0367,11.0,14.0
0.0368,4.0,14.0
0.0369,-3.0,14.0
0.037,-13.0,14.0
0.0372,-10.0,14.0
0.0373,15.0,14.0
0.0375,19.0,14.0
0.0376,-11.0,14.0
0.0378,-18.0,14.0
0.0379,5.0,14.0
0.0381,10.0,14.0
0.0382,0.0,14.0
0.0383,0.0,14.0
0.0384,-7.0,14.0
0.0385,-9.0,14.0
0.0387,12.0,14.0
0.0388,13.0,14.0
0.039,-13.0,14.0
0.0391,-12.0,14.0
0.0392,11.0,16.0
0.0393,9.0,16.0
0.0394,-6.0,16.0
0.0395,-7.0,16.0
0.0396,3.0,16.0
0.0397,7.0,16.0
0.0399,-4.0,16.0
0.04,-13.0,16.0
0.0401,3.0,16.0
0.0402,21.0,16.0
0.0403,7.0,16.0
0.0404,-24.0,16.0
0.0406,-27.0,16.0
0.0407,13.0,16.0
0.0408,44.0,16.0
0.0409,7.0,16.0
0.041,-45.0,18.0
0.0411,-27.0,18.0
0.0413,26.0,18.0
0.0414,29.0,18.0
0.0415,-6.0,18.0
0.0416,-13.0,18.0
0.0417,2.0,18.0
0.0418,0.0,18.0
0.0419,-7.0,18.0
0.042,5.0,18.0
0.0421,9.0,18.0
0.0422,-3.0,18.0
0.0424,-1.0,18.0
0.0425,2.0,18.0
0.0426,-10.0,18.0
0.0427,-4.0,18.0
0.0428,17.0,18.0
0.0429,2.0,18.0
0.043,-19.0,18.0
0.0431,5.0,18.0
0.0432,24.0,18.0
0.0434,-9.0,18.0
0.0436,-29.0,18.0
0.0437,0.0,18.0
0.0439,30.0,18.0
0.044,23.0,18.0
0.0441,-15.0,18.0
0.0443,-48.0,20.0
0.0445,-22.0,20.0
0.0446,42.0,20.0
0.0447,53.0,22.0
0.0448,-1.0,22.0
0.045,-40.0,22.0
0.0451,-27.0,22.0
0.0452,1.0,22.0
0.0453,17.0,22.0
0.0454,19.0,22.0
0.0455,5.0,22.0
0.0456,-15.0,22.0
0.0458,-16.0,22.0
0.0459,3.0,22.0
0.046,10.0,22.0
0.0461,4.0,22.0
0.0462,0.0,22.0
0.0463,-5.0,22.0
0.0464,-7.0,22.0
0.0466,1.0,22.0
0.0467,8.0,22.0
0.0468,7.0,22.0
0.0469,-4.0,22.0
0.047,-14.0,22.0
0.0471,0.0,22.0
0.0472,13.0,22.0
0.0473,3.0,22.0
0.0475,-3.0,22.0
0.0476,0.0,22.0
0.0477,-6.0,22.0
0.0479,-10.0,22.0
0.048,-1.0,22.0
0.0481,23.0,22.0
0.0482,28.0,22.0
0.0483,-34.0,22.0
0.0485,-60.0,24.0
0.0486,46.0,24.0
0.0487,91.0,26.0
0.0488,-44.0,26.0
0.049,-102.0,28.0
0.0491,20.0,28.0
0.0492,72.0,28.0
0.0493,3.0,28.0
0.0495,-12.0,28.0
0.0496,-3.0,28.0
0.0497,-35.0,30.0
0.0499,-16.0,30.0
0.05,48.0,30.0
0.0501,32.0,30.0
0.0503,-31.0,30.0
0.0512,-31.0,30.0
0.0563,8.0,30.0
0.0614,13.0,30.0
0.0663,3.0,30.0
0.0736,7.0,30.0
0.0763,-1.0,30.0
0.0813,-19.0,30.0
0.0863,-4.0,30.0
0.0914,17.0,30.0
0.0963,6.0,30.0
0.1013,-10.0,30.0
0.1063,-5.0,30.0
0.1113,1.0,30.0
0.1163,3.0,30.0
0.1213,7.0,30.0
0.1264,-3.0,30.0
0.1312,-14.0,30.0
0.1363,4.0,30.0
0.1414,15.0,30.0
0.1465,-3.0,30.0
0.1513,-7.0,30.0
0.1565,5.0,30.0
0.1613,-1.0,30.0
0.1663,-10.0,30.0
0.1717,2.0,30.0
0.1766,9.0,30.0
0.1813,2.0,30.0
0.1863,0.0,30.0
0.1912,0.0,30.0
0.1963,-9.0,30.0
0.2014,-10.0,30.0
0.2063,6.0,30.0
0.2119,17.0,30.0
0.2162,3.0,30.0
0.2212,-17.0,30.0
0.2264,-11.0,30.0
0.2314,11.0,30.0
0.2365,14.0,30.0
0.2413,0.0,30.0
0.2463,-13.0,30.0
0.2513,-13.0,30.0
0.2568,9.0,30.0
0.2615,22.0,30.0
0.2664,-2.0,30.0
0.2713,-18.0,30.0
0.2762,2.0,30.0
0.2812,3.0,30.0
0.2863,-11.0,30.0
0.2913,7.0,30.0
0.2963,21.0,28.0
0.3013,-7.0,28.0
0.3063,-21.0,28.0
0.3115,4.0,28.0
0.3163,12.0,28.0
0.3214,-7.0,28.0
0.3263,-8.0,28.0
0.3312,11.0,28.0
0.3363,10.0,28.0
0.3414,-7.0,28.0
0.3464,-7.0,28.0
0.3513,0.0,28.0
0.3563,0.0,28.0
0.3613,0.0,28.0
0.3663,4.0,28.0
0.3713,0.0,28.0
0.3763,0.0,28.0
0.3813,2.0,28.0
0.3864,-4.0,28.0
0.3913,-8.0,28.0
0.3962,2.0,26.0
0.4013,9.0,26.0
0.4064,4.0,26.0
0.4113,-6.0,26.0
0.4163,-9.0,26.0
0.4212,2.0,26.0
0.4263,14.0,26.0
0.4314,3.0,26.0
0.4363,-17.0,26.0
0.4413,-11.0,26.0
0.4463,13.0,26.0
0.4513,14.0,24.0
0.4563,-6.0,24.0
0.4612,-4.0,24.0
0.4663,6.0,24.0
0.4714,-11.0,24.0
0.4764,-16.0,24.0
0.4813,17.0,24.0
0.4863,29.0,24.0
0.4914,-10.0,24.0
0.4964,-30.0,24.0
0.5013,-3.0,24.0
0.5063,19.0,24.0
0.5115,11.0,24.0
0.5164,-6.0,24.0
0.5213,-10.0,24.0
0.5263,-2.0,24.0
0.5312,1.0,24.0
0.5363,5.0,24.0
0.5413,10.0,24.0
0.5463,-1.0,24.0
0.5513,-14.0,24.0
0.5563,-3.0,24.0
0.5614,7.0,24.0
0.5668,4.0,24.0
0.5714,3.0,24.0
0.5763,-2.0,24.0
0.5813,-9.0,24.0
0.5863,4.0,24.0
0.5912,11.0,24.0
0.5963,-7.0,24.0
0.6013,-11.0,24.0
0.6063,4.0,24.0
0.6113,7.0,24.0
0.6163,7.0,22.0
0.6214,6.0,22.0
0.6263,-19.0,20.0
0.6316,-24.0,20.0
0.6363,22.0,18.0
0.6413,30.0,20.0
0.6463,-13.0,18.0
0.6513,-14.0,18.0
0.6564,5.0,18.0
0.6617,-8.0,18.0
0.6662,-8.0,18.0
0.6713,19.0,18.0
0.6763,14.0,18.0
0.6816,-10.0,18.0
0.6863,-9.0,16.0
0.6913,-3.0,16.0
0.6962,-8.0,16.0
0.7012,3.0,16.0
0.7063,23.0,16.0
0.7113,10.0,16.0
0.7163,-22.0,16.0
0.7214,-23.0,16.0
0.7263,8.0,16.0
0.7313,25.0,18.0
0.7362,6.0,18.0
0.7413,-15.0,18.0
0.7464,-11.0,18.0
0.7512,3.0,18.0
0.7562,7.0,18.0
0.7621,4.0,18.0
0.7673,-2.0,18.0
0.7719,-11.0,18.0
0.7764,2.0,18.0
0.7812,24.0,18.0
0.7863,0.0,18.0
0.7913,-41.0,18.0
0.7964,-14.0,18.0
0.8014,45.0,18.0
0.8064,29.0,18.0
0.8114,-27.0,20.0
0.8163,-26.0,20.0
0.8212,4.0,20.0
0.8262,5.0,20.0
0.8314,4.0,20.0
0.8364,15.0,20.0
0.8415,0.0,20.0
0.8463,-21.0,20.0
0.8513,-6.0,20.0
0.8563,13.0,20.0
0.8617,0.0,20.0
0.8666,0.0,20.0
0.8713,17.0,20.0
0.8767,-11.0,20.0
0.8813,-39.0,20.0
0.8863,9.0,20.0
0.8912,54.0,20.0
0.8964,5.0,20.0
0.9013,-51.0,22.0
0.9063,-24.0,22.0
0.9113,30.0,22.0
0.9162,27.0,22.0
0.9214,-7.0,22.0
0.9264,-14.0,22.0
0.9313,-1.0,22.0
0.9363,-1.0,22.0
0.9414,-3.0,22.0
0.9464,4.0,22.0
0.9514,10.0,22.0
0.9564,3.0,22.0
0.9613,-11.0,22.0
0.9663,-10.0,22.0
0.9714,13.0,22.0
0.9763,12.0,22.0
0.9813,-18.0,22.0
0.9865,-12.0,22.0
0.9916,22.0,22.0
0.9963,12.0,22.0
1.0016,-17.0,22.0
1.0067,-10.0,22.0
1.0124,4.0,22.0
1.0163,0.0,22.0
1.0213,1.0,22.0
1.0264,18.0,22.0
1.032,11.0,24.0
1.0363,-26.0,24.0
1.0413,-34.0,24.0
1.0463,12.0,24.0
1.0514,40.0,24.0
1.0565,9.0,24.0
1.0613,-17.0,24.0
1.0671,-14.0,24.0
1.0715,-14.0,24.0
1.0763,-2.0,24.0
1.0813,25.0,24.0
1.0864,21.0,24.0
1.0913,-10.0,24.0
1.0967,-21.0,26.0
1.1014,-15.0,26.0
1.1063,1.0,26.0
1.1114,29.0,26.0
1.1167,19.0,26.0
1.1217,-25.0,26.0
1.1264,-28.0,26.0
1.1312,13.0,26.0
1.1364,27.0,26.0
1.1414,-1.0,26.0
1.1469,-27.0,26.0
1.1514,-14.0,26.0
1.1563,26.0,26.0
1.1613,29.0,26.0
1.1664,-18.0,26.0
1.172,-31.0,28.0
1.1763,4.0,28.0
1.1813,14.0,28.0
1.1862,4.0,28.0
1.1913,11.0,28.0
1.1965,-3.0,28.0
1.2014,-34.0,28.0
1.2063,-6.0,28.0
1.2113,36.0,28.0
1.2163,23.0,28.0
1.2213,-13.0,28.0
1.2265,-33.0,28.0
1.2315,-21.0,30.0
1.2363,22.0,30.0
1.2414,43.0,30.0
1.2462,3.0,30.0
1.2514,-35.0,30.0
1.2565,-21.0,30.0
1.2612,11.0,30.0
1.2669,18.0,30.0
1.2715,7.0,30.0
1.2763,-6.0,30.0
1.2813,-8.0,30.0
1.287,2.0,30.0
1.2919,1.0,30.0
1.2963,-11.0,30.0
1.3012,2.0,30.0
1.3064,21.0,30.0
1.3114,0.0,30.0
1.317,-23.0,30.0
1.3218,0.0,30.0
1.3262,18.0,30.0
1.3313,-5.0,30.0
1.3363,-16.0,30.0
1.3412,11.0,30.0
1.3464,21.0,30.0
1.3513,-6.0,30.0
1.3563,-19.0,30.0
1.3613,-4.0,30.0
1.3664,3.0,30.0
1.3712,8.0,28.0
1.3772,12.0,28.0
1.3818,-3.0,28.0
1.3862,-14.0,28.0
1.3913,0.0,28.0
1.3963,11.0,28.0
1.4014,1.0,28.0
1.4068,-9.0,28.0
1.4116,-6.0,28.0
1.4163,4.0,28.0
1.4213,13.0,28.0
1.4265,4.0,28.0
1.4323,-13.0,28.0
1.4364,-9.0,28.0
1.4418,6.0,28.0
1.4463,6.0,28.0
1.4513,3.0,26.0
1.4565,2.0,26.0
1.4617,-8.0,26.0
1.4671,-11.0,26.0
1.4712,6.0,26.0
1.4771,17.0,26.0
1.4815,-1.0,26.0
1.4863,-18.0,26.0
1.4915,-2.0,26.0
1.4963,10.0,26.0
1.5013,2.0,26.0
1.5062,4.0,26.0
1.5112,1.0,26.0
1.5167,-18.0,26.0
1.5216,-8.0,26.0
1.527,17.0,26.0
1.5313,10.0,26.0
1.5363,-1.0,26.0
1.5413,1.0,24.0
1.5463,-7.0,24.0
1.5521,-18.0,24.0
1.5562,-3.0,24.0
1.5614,15.0,24.0
1.5662,21.0,24.0
1.5715,10.0,24.0
1.5771,-21.0,24.0
1.5819,-34.0,24.0
1.5863,0.0,24.0
1.5913,29.0,26.0
1.5963,17.0,26.0
1.6017,-1.0,26.0
1.6069,-12.0,26.0
1.6113,-22.0,26.0
1.6163,-7.0,26.0
1.6213,25.0,26.0
1.6263,22.0,26.0
1.6313,-13.0,26.0
1.6369,-19.0,26.0
1.642,0.0,26.0
1.6463,0.0,26.0
1.6513,2.0,26.0
1.6563,22.0,26.0
1.6617,4.0,26.0
1.6667,-37.0,26.0
1.6714,-18.0,26.0
1.6762,40.0,26.0
1.6817,33.0,26.0
1.6863,-28.0,26.0
1.6913,-40.0,26.0
1.6962,6.0,26.0
1.7012,36.0,26.0
1.7063,14.0,26.0
1.7113,-18.0,26.0
1.7163,-24.0,28.0
1.7212,-2.0,26.0
1.7263,16.0,26.0
1.7313,14.0,26.0
1.7362,1.0,26.0
1.7414,-10.0,26.0
1.747,-13.0,26.0
1.7516,-6.0,26.0
1.7566,7.0,26.0
1.7613,21.0,26.0
1.7664,11.0,26.0
1.7714,-19.0,26.0
1.777,-25.0,26.0
1.7813,2.0,26.0
1.7863,23.0,26.0
1.7914,13.0,26.0
1.7964,-8.0,26.0
1.8013,-19.0,26.0
1.8067,-5.0,24.0
1.8119,12.0,24.0
1.8163,11.0,24.0
1.8212,-1.0,24.0
1.8265,-7.0,24.0
1.8315,-5.0,24.0
1.8363,-1.0,24.0
1.8418,2.0,24.0
1.8463,4.0,24.0
1.8512,4.0,24.0
1.8563,2.0,24.0
1.8614,-6.0,24.0
1.8663,-12.0,22.0
1.8713,1.0,22.0
1.8765,14.0,22.0
1.8812,5.0,22.0
1.8869,-5.0,22.0
1.8913,-8.0,22.0
1.8969,-2.0,20.0
1.9015,6.0,20.0
1.9062,3.0,20.0
1.9114,-1.0,20.0
1.9163,0.0,20.0
1.9214,-6.0,20.0
1.9266,-5.0,20.0
1.9313,15.0,20.0
1.9364,8.0,20.0
1.9412,-18.0,20.0
1.947,-5.0,20.0
1.9513,17.0,20.0
1.9563,-3.0,20.0
1.9613,-13.0,20.0
1.9663,12.0,20.0
1.9713,9.0,20.0
1.9769,-21.0,20.0
1.9813,-12.0,20.0
1.9863,24.0,20.0
1.9914,21.0,22.0
1.9965,-11.0,22.0
2.0014,-19.0,22.0
2.0064,-11.0,22.0
2.0116,-9.0,22.0
2.0162,11.0,22.0
2.0212,40.0,22.0
2.0263,15.0,22.0
2.0315,-38.0,22.0
2.0364,-26.0,22.0
2.0414,16.0,24.0
2.0462,-2.0,22.0
2.0513,-11.0,24.0
2.0563,36.0,24.0
2.0613,25.0,24.0
2.0664,-39.0,24.0
2.0745,-29.0,24.0
2.0762,20.0,24.0
2.0812,10.0,24.0
2.0863,-7.0,24.0
2.0913,15.0,24.0
2.0966,3.0,24.0
2.1012,-30.0,26.0
2.1062,-2.0,26.0
2.1114,35.0,26.0
2.1162,2.0,26.0
2.1214,-32.0,26.0
2.1264,-1.0,26.0
2.1313,22.0,26.0
2.1363,-1.0,26.0
2.1413,-12.0,26.0
2.1464,6.0,26.0
2.1514,4.0,26.0
2.1562,-8.0,26.0
2.1612,0.0,26.0
2.1662,5.0,26.0
2.1713,-3.0,26.0
2.1762,-1.0,26.0
2.1813,1.0,26.0
2.1864,-3.0,26.0
2.1912,6.0,26.0
2.1964,12.0,26.0
2.2014,-9.0,26.0
2.2067,-21.0,26.0
2.2115,-1.0,26.0
2.2162,19.0,26.0
2.2212,17.0,24.0
2.2265,-4.0,24.0
2.2315,-23.0,24.0
2.2362,-8.0,24.0
2.2412,16.0,24.0
2.2462,11.0,24.0
2.2512,-8.0,24.0
2.2562,-6.0,24.0
2.2613,5.0,24.0
2.2663,1.0,24.0
2.2712,-2.0,24.0
2.2762,5.0,24.0
2.2812,1.0,24.0
2.2864,-12.0,24.0
2.2913,-8.0,24.0
2.2963,9.0,24.0
2.3012,15.0,24.0
2.3065,0.0,24.0
2.3113,-12.0,24.0
2.3164,-10.0,22.0
2.3212,1.0,22.0
2.3263,13.0,22.0
2.3313,10.0,22.0
2.3363,-9.0,22.0
2.3413,-17.0,22.0
2.3463,0.0,22.0
2.3513,16.0,22.0
2.3563,10.0,20.0
2.3613,-8.0,20.0
2.3663,-13.0,20.0
2.3713,-1.0,20.0
2.3762,6.0,20.0
2.3813,11.0,20.0
2.3863,13.0,20.0
2.3913,-16.0,20.0
2.3963,-41.0,22.0
2.4013,7.0,22.0
2.4071,61.0,22.0
2.4112,12.0,22.0
2.4162,-56.0,22.0
2.4212,-27.0,22.0
2.4264,34.0,22.0
2.4313,25.0,24.0
2.4363,-13.0,24.0
2.4413,-15.0,24.0
2.4463,8.0,24.0
2.4513,7.0,24.0
2.4563,-22.0,24.0
2.4612,-8.0,24.0
2.4662,42.0,24.0
2.4712,21.0,24.0
2.4762,-46.0,24.0
2.4812,-37.0,26.0
2.4862,29.0,26.0
2.4913,37.0,26.0
2.4962,-7.0,26.0
2.5012,-19.0,26.0
2.5062,-2.0,26.0
2.5113,-1.0,26.0
2.5163,1.0,26.0
2.5212,15.0,26.0
2.5262,4.0,26.0
2.5312,-18.0,26.0
2.5362,-12.0,26.0
2.5413,3.0,26.0
2.5463,19.0,26.0
2.5512,24.0,28.0
2.5562,-16.0,28.0
2.5612,-48.0,28.0
2.5662,1.0,28.0
2.5714,47.0,28.0
2.5764,14.0,28.0
2.5814,-18.0,28.0
2.5864,-16.0,28.0
2.5913,-14.0,28.0
2.5963,5.0,28.0
2.6014,32.0,30.0
2.6063,4.0,30.0
2.6119,-32.0,30.0
2.6162,-11.0,30.0
2.6212,26.0,30.0
2.6263,17.0,30.0
2.6314,-19.0,30.0
2.6363,-18.0,30.0
2.6414,18.0,30.0
2.6463,4.0,30.0
2.6513,-25.0,30.0
2.6563,22.0,30.0
2.6614,28.0,30.0
2.6663,-49.0,30.0
2.6713,-28.0,30.0
2.6762,61.0,30.0
2.6813,32.0,30.0
2.6864,-44.0,32.0
2.6914,-31.0,32.0
2.6964,10.0,32.0
2.7012,0.0,30.0
2.7068,4.0,30.0
2.7113,55.0,30.0
2.7168,14.0,30.0
2.7219,-98.0,32.0
2.7262,-53.0,32.0
2.7312,100.0,34.0
2.7364,81.0,36.0
2.7413,-56.0,36.0
2.7465,-65.0,36.0
2.7513,2.0,36.0
2.7563,5.0,36.0
2.7612,3.0,36.0
2.7662,48.0,36.0
2.7712,33.0,36.0
2.7764,-45.0,38.0
2.7814,-51.0,38.0
2.7863,11.0,38.0
2.7912,23.0,38.0
2.7965,7.0,38.0
2.8012,17.0,38.0
2.8064,-12.0,38.0
2.8122,-44.0,40.0
2.8162,27.0,40.0
2.8212,48.0,40.0
2.8268,-47.0,42.0
2.8314,-33.0,42.0
2.8362,56.0,42.0
2.8412,13.0,42.0
2.8463,-49.0,42.0
2.8512,8.0,42.0
2.8563,47.0,44.0
2.8614,-33.0,44.0
2.8663,-70.0,44.0
2.8713,40.0,44.0
2.8762,99.0,46.0
2.8813,-11.0,46.0
2.8865,-103.0,48.0
2.8912,-16.0,48.0
2.8962,92.0,50.0
2.9012,0.0,50.0
2.9063,-104.0,50.0
2.9113,36.0,52.0
2.9166,137.0,54.0
2.9212,-47.0,54.0
2.9263,-145.0,56.0
2.9312,24.0,56.0
2.9362,99.0,58.0
2.9414,-5.0,58.0
2.9465,-17.0,58.0
2.9512,32.0,58.0
2.9563,-44.0,58.0
2.9613,-104.0,60.0
2.9664,20.0,60.0
2.9712,148.0,62.0
2.9763,82.0,64.0
2.9812,-103.0,64.0
2.9863,-159.0,68.0
2.9912,16.0,68.0
2.9962,140.0,70.0
3.0014,18.0,70.0
3.0064,-87.0,70.0
3.0114,4.0,70.0
3.0162,93.0,72.0
3.0213,-20.0,72.0
3.0263,-130.0,74.0
3.0313,4.0,74.0
3.0363,104.0,74.0
3.0412,5.0,74.0
3.0462,-12.0,74.0
3.0513,15.0,74.0
3.0563,-63.0,74.0
3.0613,-29.0,74.0
3.0663,76.0,76.0
3.0712,-10.0,74.0
3.0762,-61.0,76.0
3.0812,92.0,76.0
3.0862,66.0,78.0
3.0912,-139.0,80.0
3.0962,-69.0,80.0
3.1012,110.0,82.0
3.1064,21.0,82.0
3.1113,-63.0,82.0
3.1163,41.0,82.0
3.1212,60.0,82.0
3.1262,-43.0,82.0
3.1315,-67.0,84.0
3.1362,-3.0,84.0
3.1413,39.0,84.0
3.1464,27.0,84.0
3.1512,-1.0,84.0
3.1563,-12.0,84.0
3.1612,-6.0,84.0
3.1663,-7.0,84.0
3.1715,-9.0,84.0
3.1763,16.0,84.0
3.1814,24.0,84.0
3.1862,-17.0,84.0
3.1912,-30.0,84.0
3.1963,4.0,84.0
3.2012,33.0,84.0
3.2062,31.0,84.0
3.2114,-36.0,84.0
3.2162,-74.0,86.0
3.2212,41.0,86.0
3.2268,97.0,86.0
3.2314,-41.0,88.0
3.2362,-90.0,88.0
3.2418,37.0,88.0
3.2467,66.0,90.0
3.2518,-38.0,90.0
3.2563,-43.0,90.0
3.2619,38.0,90.0
3.2662,27.0,90.0
3.2713,-32.0,90.0
3.2763,-15.0,90.0
3.282,37.0,92.0
3.2862,16.0,92.0
3.2914,-73.0,92.0
3.2962,-50.0,92.0
3.3014,114.0,94.0
3.3062,105.0,94.0
3.3113,-108.0,96.0
3.3165,-127.0,96.0
3.3216,54.0,98.0
3.3269,78.0,98.0
3.3312,-9.0,98.0
3.3362,12.0,98.0
3.3414,17.0,98.0
3.3462,-68.0,98.0
3.3512,-53.0,98.0
3.3563,52.0,100.0
3.3613,59.0,98.0
3.3665,-16.0,98.0
3.3712,-22.0,96.0
3.3762,38.0,96.0
3.3812,-12.0,96.0
3.3864,-119.0,96.0
3.3912,4.0,96.0
3.3964,177.0,100.0
3.4013,30.0,100.0
3.4062,-150.0,102.0
3.4113,-42.0,102.0
3.4163,74.0,102.0
3.4217,13.0,102.0
3.4263,-19.0,102.0
3.4314,19.0,102.0
3.4363,6.0,102.0
3.4414,-25.0,102.0
3.4462,1.0,102.0
3.4513,9.0,100.0
3.4562,-35.0,100.0
3.4615,-4.0,100.0
3.4662,79.0,100.0
3.4712,27.0,100.0
3.4762,-95.0,100.0
3.4814,-57.0,102.0
3.4862,65.0,102.0
3.4912,57.0,102.0
3.4963,-17.0,102.0
3.5012,-17.0,102.0
3.5062,-8.0,102.0
3.5115,-20.0,100.0
3.5165,13.0,100.0
3.5212,13.0,100.0
3.5267,-32.0,98.0
3.5312,17.0,98.0
3.5362,69.0,98.0
3.5413,-18.0,98.0
3.5466,-89.0,98.0
3.5514,-26.0,98.0
3.5563,56.0,96.0
3.5613,72.0,96.0
3.5663,24.0,96.0
3.5714,-57.0,96.0
3.5764,-95.0,96.0
3.5813,-19.0,96.0
3.5862,97.0,96.0
3.5912,79.0,98.0
3.5964,-51.0,98.0
3.6012,-62.0,98.0
3.6062,20.0,98.0
3.6112,0.0,94.0
3.6162,-24.0,94.0
3.6212,27.0,92.0
3.6269,28.0,90.0
3.6314,5.0,90.0
3.6363,9.0,88.0
3.6412,-54.0,90.0
3.6462,-98.0,90.0
3.6512,52.0,90.0
3.6564,195.0,92.0
3.6612,20.0,92.0
3.6662,-222.0,94.0
3.6712,-123.0,94.0
3.6762,129.0,96.0
3.6812,211.0,98.0
3.6862,46.0,100.0
3.6914,-242.0,102.0
3.6962,-190.0,104.0
3.7012,194.0,108.0
3.7062,205.0,110.0
3.7112,-100.0,110.0
3.7166,-107.0,112.0
3.7212,25.0,110.0
3.7262,-19.0,110.0
3.7318,14.0,108.0
3.7364,100.0,108.0
3.7414,-42.0,106.0
3.7464,-109.0,108.0
3.7513,57.0,108.0
3.7562,75.0,108.0
3.7612,-29.0,108.0
3.7664,-21.0,108.0
3.7713,-27.0,108.0
3.7762,-50.0,108.0
3.7813,44.0,108.0
3.7863,99.0,110.0
3.7912,12.0,110.0
3.7962,-68.0,110.0
3.8012,-81.0,112.0
3.8062,-29.0,112.0
3.8112,81.0,112.0
3.8162,103.0,114.0
3.8212,-31.0,114.0
3.8263,-105.0,116.0
3.8321,15.0,116.0
3.8363,68.0,116.0
3.8422,-55.0,116.0
3.8472,-51.0,118.0
3.8512,100.0,118.0
3.8564,65.0,118.0
3.8612,-102.0,120.0
3.8662,-78.0,118.0
3.8713,55.0,118.0
3.8762,71.0,118.0
3.8814,13.0,118.0
3.8863,-53.0,118.0
3.8913,-79.0,118.0
3.8964,39.0,118.0
3.9013,111.0,120.0
3.9063,-39.0,120.0
3.9113,-98.0,120.0
3.9163,55.0,122.0
3.9212,93.0,122.0
3.9266,-55.0,124.0
3.9312,-143.0,124.0
3.9362,0.0,124.0
3.9412,207.0,124.0
3.9462,70.0,124.0
3.9514,-219.0,126.0
3.9563,-72.0,126.0
3.9612,184.0,128.0
3.9662,2.0,126.0
3.9715,-145.0,128.0
3.9763,51.0,128.0
3.9814,102.0,130.0
3.9864,-46.0,130.0
3.9913,-31.0,130.0
3.9962,29.0,130.0
4.0015,-37.0,128.0
4.0063,-43.0,130.0
4.0113,45.0,130.0
4.0163,62.0,130.0
4.0212,12.0,130.0
4.0264,-46.0,128.0
4.0315,-73.0,130.0
4.0365,6.0,128.0
4.0412,63.0,128.0
4.0467,0.0,126.0
4.0513,25.0,126.0
4.0564,65.0,124.0
4.0612,-105.0,126.0
4.0663,-163.0,128.0
4.0713,89.0,130.0
4.0764,193.0,132.0
4.0813,4.0,132.0
4.0865,-100.0,134.0
4.0912,-95.0,136.0
4.0962,-81.0,136.0
4.1013,111.0,138.0
4.1062,261.0,140.0
4.1112,-29.0,140.0
4.1163,-352.0,144.0
4.1213,-90.0,144.0
4.1262,331.0,150.0
4.1313,180.0,152.0
4.1362,-200.0,154.0
4.1415,-246.0,158.0
4.1466,-79.0,158.0
4.1512,262.0,162.0
4.1565,454.0,170.0
4.1612,-154.0,172.0
4.1663,-688.0,182.0
4.1713,-33.0,182.0
4.1762,600.0,190.0
4.1813,136.0,192.0
4.1863,-280.0,196.0
4.1912,-52.0,196.0
4.1962,-17.0,194.0
4.2013,-130.0,196.0
4.2062,121.0,198.0
4.2113,213.0,200.0
4.2162,-130.0,200.0
4.2213,-139.0,202.0
4.2264,281.0,206.0
4.2315,101.0,206.0
4.2362,-543.0,214.0
4.2416,-233.0,216.0
4.2465,612.0,224.0
4.2513,378.0,230.0
4.2567,-381.0,236.0
4.2612,-338.0,242.0
4.2666,81.0,242.0
4.2717,144.0,244.0
4.2762,80.0,246.0
4.2815,28.0,246.0
4.2863,-113.0,246.0
4.2914,-90.0,246.0
4.2966,94.0,244.0
4.3012,71.0,246.0
4.3062,-35.0,242.0
4.3113,15.0,240.0
4.3163,-48.0,240.0
4.3214,-203.0,240.0
4.3263,54.0,240.0
4.3312,403.0,242.0
4.3362,53.0,240.0
4.3412,-427.0,244.0
4.3466,-130.0,242.0
4.3512,248.0,244.0
4.3562,50.0,244.0
4.3612,-56.0,244.0
4.3662,97.0,246.0
4.3713,-5.0,246.0
4.3764,-151.0,246.0
4.3814,-16.0,246.0
4.3863,79.0,244.0
4.3912,11.0,244.0
4.3964,24.0,244.0
4.4014,36.0,244.0
4.4062,-73.0,244.0
4.4112,-63.0,244.0
4.4162,58.0,246.0
4.4212,38.0,244.0
4.4262,-22.0,244.0
4.4314,13.0,244.0
4.4363,2.0,242.0
4.4414,-54.0,242.0
4.4463,-7.0,242.0
4.4512,67.0,242.0
4.4563,21.0,240.0
4.4614,-52.0,240.0
4.4664,-28.0,240.0
4.4714,19.0,240.0
4.4763,19.0,238.0
4.4812,10.0,238.0
4.4864,-3.0,238.0
4.4913,-16.0,236.0
4.4963,7.0,236.0
4.5012,17.0,234.0
4.5062,-25.0,234.0
4.5113,-39.0,232.0
4.5164,19.0,232.0
4.5212,63.0,232.0
4.5263,8.0,232.0
4.5312,-64.0,232.0
4.5364,-21.0,232.0
4.5412,62.0,230.0
4.5464,21.0,230.0
4.5513,-66.0,230.0
4.5562,-41.0,230.0
4.5619,38.0,228.0
4.5667,68.0,230.0
4.5713,31.0,228.0
4.5763,-63.0,228.0
4.5814,-88.0,226.0
4.5862,36.0,226.0
4.5913,91.0,224.0
4.5963,-25.0,224.0
4.6014,-63.0,222.0
4.6064,31.0,222.0
4.6114,37.0,220.0
4.6162,-30.0,220.0
4.6212,-14.0,218.0
4.6263,11.0,218.0
4.6314,-9.0,218.0
4.6364,9.0,218.0
4.6414,26.0,218.0
4.6462,-8.0,216.0
4.6518,-16.0,216.0
4.6567,-19.0,216.0
4.6614,-27.0,216.0
4.6663,36.0,216.0
4.6712,74.0,216.0
4.6763,-19.0,216.0
4.6813,-85.0,216.0
4.6866,-13.0,216.0
4.6913,56.0,216.0
4.6962,25.0,216.0
4.7012,-19.0,214.0
4.7062,-12.0,212.0
4.7112,0.0,210.0
4.7163,-5.0,208.0
4.7212,3.0,208.0
4.7264,10.0,206.0
4.7312,-5.0,206.0
4.7364,1.0,204.0
4.7412,18.0,202.0
4.7463,-18.0,198.0
4.7512,-39.0,198.0
4.7562,23.0,194.0
4.7612,52.0,194.0
4.7672,-11.0,188.0
4.7712,-41.0,186.0
4.7762,-6.0,182.0
4.7812,17.0,180.0
4.7862,15.0,178.0
4.7912,-5.0,174.0
4.7963,-17.0,168.0
4.8012,15.0,166.0
4.8063,21.0,154.0
4.8114,-30.0,154.0
4.8162,-28.0,146.0
4.8213,25.0,144.0
4.8262,18.0,140.0
4.8314,0.0,140.0
4.8363,14.0,140.0
4.8414,-24.0,138.0
4.8462,-51.0,136.0
4.8512,28.0,134.0
4.8562,62.0,132.0
4.8613,-12.0,130.0
4.8664,-40.0,126.0
4.8713,-2.0,126.0
4.8762,12.0,116.0
4.8812,0.0,114.0
4.8864,-13.0,104.0
4.8913,8.0,98.0
4.8962,46.0,92.0
4.9012,1.0,88.0
4.9062,-69.0,88.0
4.9112,-22.0,86.0
4.9163,54.0,86.0
4.9212,22.0,86.0
4.9263,-29.0,84.0
4.9312,-1.0,82.0
4.9362,23.0,82.0
4.9412,-11.0,80.0
4.9462,-34.0,80.0
4.9512,-1.0,80.0
4.9562,45.0,80.0
4.9612,21.0,78.0
4.9662,-56.0,78.0
4.9714,-28.0,72.0
4.9763,77.0,72.0
4.9813,20.0,66.0
4.9862,-93.0,64.0
4.9912,-10.0,62.0
4.9965,83.0,62.0
5.0012,4.0,60.0
5.0063,-40.0,60.0
5.0113,3.0,60.0
5.0162,-22.0,58.0
5.0212,-35.0,58.0
5.0262,73.0,58.0
5.0313,93.0,60.0
5.0364,-57.0,60.0
5.0414,-131.0,62.0
5.0462,-47.0,60.0
5.0512,106.0,62.0
5.0563,190.0,64.0
5.0612,-25.0,64.0
5.0668,-269.0,68.0
5.0715,-53.0,68.0
5.0763,215.0,72.0
5.0812,89.0,72.0
5.0864,-67.0,72.0
5.0913,-68.0,72.0
5.0963,-65.0,74.0
5.1012,0.0,72.0
5.1062,105.0,74.0
5.1114,66.0,74.0
5.1163,-73.0,76.0
5.1214,-63.0,76.0
5.1264,39.0,76.0
5.1312,-7.0,76.0
5.1362,-16.0,76.0
5.1412,91.0,78.0
5.1464,-26.0,78.0
5.1514,-156.0,80.0
5.1563,80.0,80.0
5.1612,200.0,82.0
5.1663,-88.0,84.0
5.1713,-206.0,86.0
5.1763,28.0,86.0
5.1812,140.0,88.0
5.1863,26.0,88.0
5.1912,-17.0,88.0
5.1962,4.0,86.0
5.2013,-84.0,88.0
5.2063,-107.0,88.0
5.2113,89.0,88.0
5.2162,176.0,90.0
5.2212,-3.0,90.0
5.2262,-124.0,90.0
5.2313,-91.0,90.0
5.2365,-26.0,90.0
5.2412,114.0,92.0
5.2463,158.0,94.0
5.2512,-56.0,94.0
5.2565,-170.0,96.0
5.2614,-10.0,96.0
5.2662,71.0,96.0
5.2722,10.0,96.0
5.2764,25.0,96.0
5.2815,34.0,98.0
5.2864,-24.0,98.0
5.2912,-37.0,98.0
5.2962,-46.0,98.0
5.3012,-24.0,98.0
5.3062,104.0,100.0
5.3113,83.0,100.0
5.3165,-108.0,100.0
5.3214,-88.0,100.0
5.3262,54.0,102.0
5.3312,42.0,102.0
5.3362,28.0,102.0
5.3413,25.0,102.0
5.3465,-98.0,102.0
5.3513,-70.0,104.0
5.3562,173.0,106.0
5.3612,89.0,108.0
5.3662,-278.0,112.0
5.372,-138.0,114.0
5.3771,319.0,118.0
5.3814,210.0,122.0
5.3862,-211.0,124.0
5.3912,-185.0,128.0
5.3964,45.0,128.0
5.4012,-9.0,126.0
5.4062,25.0,128.0
5.4112,266.0,130.0
5.4162,36.0,132.0
5.4213,-384.0,136.0
5.4263,-120.0,138.0
5.4314,286.0,142.0
5.4364,107.0,144.0
5.4413,-81.0,146.0
5.4462,7.0,146.0
5.4513,-63.0,146.0
5.4562,-115.0,146.0
5.4614,71.0,148.0
5.4664,125.0,150.0
5.4712,4.0,150.0
5.4765,-48.0,150.0
5.4812,-60.0,150.0
5.4865,-38.0,150.0
5.4914,60.0,150.0
5.4965,73.0,150.0
5.5012,-50.0,152.0
5.5062,-41.0,152.0
5.5112,79.0,152.0
5.5164,-20.0,152.0
5.5214,-132.0,154.0
5.5262,62.0,156.0
5.5312,139.0,158.0
5.5362,-81.0,158.0
5.5414,-79.0,160.0
5.5465,115.0,160.0
5.5514,15.0,160.0
5.5564,-164.0,162.0
5.5612,10.0,162.0
5.5663,193.0,164.0
5.5712,-16.0,164.0
5.5764,-213.0,168.0
5.5813,-5.0,168.0
5.5862,222.0,170.0
5.5912,88.0,172.0
5.5963,-163.0,174.0
5.6014,-188.0,176.0
5.6062,26.0,176.0
5.6114,208.0,178.0
5.6163,87.0,178.0
5.6212,-138.0,180.0
5.6263,-78.0,180.0
5.6314,74.0,182.0
5.6366,-43.0,180.0
5.6414,-95.0,182.0
5.6462,178.0,184.0
5.6512,139.0,186.0
5.6562,-240.0,190.0
5.6614,-89.0,190.0
5.6662,236.0,194.0
5.6714,-33.0,192.0
5.6762,-208.0,194.0
5.6812,107.0,194.0
5.6862,159.0,196.0
5.6914,-69.0,196.0
5.6964,-67.0,194.0
5.7013,-40.0,194.0
5.7063,-44.0,190.0
5.7113,148.0,192.0
5.7164,95.0,190.0
5.7212,-244.0,192.0
5.7264,-42.0,192.0
5.7313,360.0,196.0
5.7362,-44.0,196.0
5.7413,-461.0,204.0
5.7464,58.0,202.0
5.7513,436.0,208.0
5.7562,6.0,208.0
5.7612,-237.0,210.0
5.7664,-57.0,210.0
5.7714,-33.0,210.0
5.7765,14.0,210.0
5.7815,218.0,212.0
5.7868,71.0,214.0
5.7915,-256.0,214.0
5.7963,-105.0,216.0
5.8013,200.0,216.0
5.8063,82.0,216.0
5.8113,-118.0,214.0
5.8162,-61.0,214.0
5.8213,35.0,212.0
5.8262,73.0,214.0
5.8313,48.0,214.0
5.8364,-87.0,216.0
5.8414,-116.0,216.0
5.8462,66.0,214.0
5.8512,126.0,216.0
5.8565,-17.0,214.0
5.8611,-69.0,214.0
5.8664,-13.0,212.0
5.8713,-5.0,210.0
5.8762,3.0,210.0
5.8818,44.0,210.0
5.8866,25.0,208.0
5.8913,-30.0,208.0
5.8962,-30.0,204.0
5.9012,0.0,204.0
5.9062,6.0,204.0
5.9111,8.0,204.0
5.9162,15.0,204.0
5.9214,-5.0,204.0
5.9262,-30.0,204.0
5.9312,12.0,202.0
5.9362,66.0,204.0
5.9414,-24.0,204.0
5.9464,-120.0,204.0
5.9513,20.0,202.0
5.9562,149.0,202.0
5.9612,2.0,202.0
5.9662,-124.0,202.0
5.9713,-21.0,202.0
5.9763,65.0,202.0
5.9814,20.0,202.0
5.9862,-14.0,202.0
5.9917,-1.0,200.0
5.9964,-13.0,198.0
6.0019,-18.0,196.0
6.0063,20.0,192.0
6.0113,29.0,192.0
6.0162,-15.0,186.0
6.0212,-29.0,184.0
6.0263,12.0,180.0
6.0315,31.0,178.0
6.0364,-18.0,178.0
6.0413,-49.0,178.0
6.0462,14.0,178.0
6.0512,72.0,176.0
6.0564,18.0,174.0
6.0612,-85.0,170.0
6.0663,-70.0,170.0
6.0712,85.0,166.0
6.0763,112.0,166.0
6.0812,-60.0,166.0
6.0868,-109.0,168.0
6.0911,17.0,166.0
6.0964,56.0,166.0
6.1012,11.0,164.0
6.1068,3.0,164.0
6.1112,-7.0,164.0
6.1164,-10.0,162.0
6.1214,-16.0,162.0
6.1263,-50.0,162.0
6.1312,28.0,162.0
6.1362,122.0,162.0
6.1413,-10.0,162.0
6.1465,-134.0,164.0
6.1515,-19.0,162.0
6.1562,77.0,164.0
6.1612,23.0,162.0
6.1662,-6.0,160.0
6.1712,6.0,158.0
6.1764,-21.0,158.0
6.1814,-36.0,156.0
6.1862,2.0,154.0
6.1916,31.0,156.0
6.1963,24.0,154.0
6.2019,4.0,152.0
6.2062,-27.0,150.0
6.2113,-33.0,150.0
6.2163,13.0,148.0
6.2214,29.0,148.0
6.2262,-5.0,144.0
6.2316,-4.0,144.0
6.2362,12.0,140.0
6.2412,-13.0,138.0
6.2462,-23.0,138.0
6.2512,14.0,136.0
6.2563,30.0,134.0
6.2613,-4.0,132.0
6.2663,-30.0,132.0
6.2714,-7.0,130.0
6.2762,23.0,130.0
6.2814,12.0,128.0
6.2863,-9.0,126.0
6.2912,-1.0,124.0
6.2962,5.0,120.0
6.3015,-15.0,118.0
6.3065,-18.0,116.0
6.3114,15.0,116.0
6.3162,35.0,112.0
6.3213,13.0,112.0
6.3264,-27.0,110.0
6.3312,-51.0,108.0
6.3364,-3.0,108.0
6.3414,67.0,108.0
6.3467,22.0,108.0
6.3518,-50.0,106.0
6.3573,2.0,104.0
6.3613,26.0,102.0
6.3664,-48.0,102.0
6.3714,-21.0,96.0
6.3766,69.0,96.0
6.3817,28.0,90.0
6.3861,-53.0,90.0
6.3917,-27.0,84.0
6.3973,28.0,84.0
6.4019,14.0,80.0
6.4061,-20.0,80.0
6.4117,-3.0,80.0
6.4161,28.0,80.0
6.4215,12.0,76.0
6.4263,-24.0,76.0
6.4317,-33.0,72.0
6.4366,-8.0,70.0
6.4413,30.0,68.0
6.4462,48.0,68.0
6.4512,8.0,66.0
6.4563,-54.0,66.0
6.4619,-43.0,66.0
6.4667,24.0,64.0
6.4713,30.0,64.0
6.4763,9.0,64.0
6.4813,24.0,62.0
6.4863,-18.0,62.0
6.4917,-82.0,60.0
6.4968,0.0,60.0
6.5013,98.0,60.0
6.5063,21.0,60.0
6.5115,-66.0,62.0
6.5164,-20.0,62.0
6.5218,17.0,62.0
6.5266,-3.0,62.0
6.5313,14.0,60.0
6.5362,33.0,62.0
6.5414,-21.0,62.0
6.5465,-61.0,62.0
6.5516,13.0,62.0
6.5564,84.0,64.0
6.5612,1.0,64.0
6.5662,-96.0,64.0
6.5711,-15.0,64.0
6.5767,100.0,64.0
6.5813,26.0,64.0
6.5863,-94.0,64.0
6.5913,-30.0,64.0
6.5971,69.0,64.0
6.6011,18.0,64.0
6.6064,-30.0,62.0
6.6115,16.0,62.0
6.6163,5.0,62.0
6.6214,-57.0,62.0
6.6263,-24.0,62.0
6.6317,63.0,62.0
6.6366,73.0,64.0
6.6412,-8.0,64.0
6.6463,-88.0,64.0
6.6511,-63.0,66.0
6.6563,44.0,66.0
6.6618,77.0,66.0
6.6661,-8.0,66.0
6.6712,-33.0,66.0
6.6762,38.0,66.0
6.6815,3.0,66.0
6.6864,-95.0,68.0
6.6919,-19.0,66.0
6.6967,99.0,68.0
6.7018,32.0,66.0
6.7061,-46.0,66.0
6.7116,3.0,66.0
6.7166,28.0,64.0
6.7216,-34.0,64.0
6.7262,-81.0,64.0
6.7312,-20.0,64.0
6.7362,115.0,64.0
6.7412,117.0,66.0
6.7472,-53.0,66.0
6.7512,-145.0,68.0
6.7562,-57.0,70.0
6.7612,96.0,70.0
6.7663,133.0,72.0
6.7715,-49.0,72.0
6.7769,-152.0,72.0
6.7811,30.0,74.0
6.7863,126.0,72.0
6.7912,-7.0,72.0
6.7963,-56.0,72.0
6.8022,-16.0,72.0
6.8066,-18.0,72.0
6.8117,11.0,72.0
6.8168,34.0,72.0
6.8212,8.0,72.0
6.8264,17.0,72.0
6.8319,-9.0,72.0
6.8366,-77.0,74.0
6.8413,-7.0,74.0
6.8463,90.0,74.0
6.8518,11.0,74.0
6.8562,-75.0,74.0
6.8618,0.0,74.0
6.8674,78.0,76.0
6.8712,-15.0,76.0
6.8763,-105.0,78.0
6.8814,27.0,78.0
6.8866,118.0,78.0
6.8916,-42.0,80.0
6.8966,-71.0,80.0
6.9012,69.0,80.0
6.9063,-22.0,80.0
6.9116,-111.0,82.0
6.9167,87.0,84.0
6.9218,146.0,86.0
6.9264,-71.0,86.0
6.9312,-136.0,88.0
6.9363,-3.0,88.0
6.9413,76.0,90.0
6.9467,64.0,90.0
6.9512,-29.0,90.0
6.9562,-59.0,90.0
6.9611,77.0,92.0
6.9662,18.0,92.0
6.9717,-212.0,94.0
6.9766,-13.0,94.0
6.9816,338.0,98.0
6.9862,71.0,100.0
6.9913,-389.0,104.0
6.9964,-134.0,106.0
7.0013,397.0,112.0
7.0066,140.0,114.0
7.012,-422.0,120.0
7.0163,-113.0,120.0
7.0212,435.0,128.0
7.0264,102.0,128.0
7.0317,-369.0,134.0
7.0366,-93.0,134.0
7.0417,232.0,138.0
7.0463,46.0,138.0
7.0512,-90.0,140.0
7.0562,43.0,140.0
7.0617,16.0,140.0
7.0663,-114.0,142.0
7.0713,-47.0,142.0
7.0761,80.0,142.0
7.0812,123.0,144.0
7.0868,62.0,144.0
7.0917,-127.0,146.0
7.0968,-190.0,148.0
7.1026,37.0,148.0
7.1063,167.0,150.0
7.112,14.0,150.0
7.1164,-33.0,150.0
7.1217,68.0,152.0
7.1266,-57.0,152.0
7.1313,-184.0,154.0
7.1362,58.0,154.0
7.1413,209.0,156.0
7.1467,-24.0,156.0
7.1517,-164.0,158.0
7.1566,-44.0,158.0
7.1613,77.0,158.0
7.1666,141.0,162.0
7.1715,64.0,162.0
7.1768,-170.0,164.0
7.1817,-181.0,166.0
7.1863,88.0,166.0
7.1914,149.0,170.0
7.1962,2.0,168.0
7.2013,0.0,168.0
7.2066,-6.0,166.0
7.2116,-117.0,168.0
7.2168,-35.0,166.0
7.2213,123.0,168.0
7.2261,51.0,168.0
7.2322,-58.0,168.0
7.2365,-50.0,168.0
7.2411,-24.0,168.0
7.2462,54.0,168.0
7.2512,111.0,170.0
7.2565,-39.0,170.0
7.2619,-170.0,172.0
7.2661,22.0,172.0
7.2712,181.0,174.0
7.2763,-69.0,174.0
7.2812,-177.0,176.0
7.2867,160.0,178.0
7.2919,179.0,180.0
7.2962,-198.0,182.0
7.3013,-152.0,184.0
7.3063,154.0,186.0
7.3113,82.0,186.0
7.3169,-82.0,186.0
7.3219,-10.0,186.0
7.3265,25.0,186.0
7.3316,-26.0,186.0
7.3363,14.0,184.0
7.3414,30.0,184.0
7.3462,-44.0,184.0
7.3512,-18.0,184.0
7.3563,62.0,186.0
7.3612,2.0,184.0
7.3663,-65.0,184.0
7.3711,9.0,184.0
7.3763,55.0,184.0
7.3813,-5.0,182.0
7.3862,-34.0,182.0
7.3912,-5.0,180.0
7.3962,9.0,178.0
7.4011,8.0,178.0
7.4061,9.0,176.0
7.4112,2.0,174.0
7.4161,-16.0,172.0
7.4212,-16.0,172.0
7.4264,11.0,170.0
7.4312,19.0,170.0
7.4362,1.0,170.0
7.4413,-11.0,170.0
7.4462,-14.0,170.0
7.4511,5.0,170.0
7.4562,15.0,170.0
7.4614,-1.0,168.0
7.4663,-2.0,168.0
7.4712,-10.0,168.0
7.4763,-15.0,168.0
7.4812,26.0,168.0
7.4862,25.0,168.0
7.4912,-30.0,168.0
7.4961,-15.0,166.0
7.5012,22.0,166.0
7.5061,-7.0,166.0
7.5115,-14.0,166.0
7.5164,21.0,164.0
7.5211,15.0,164.0
7.5262,-14.0,162.0
7.5312,-21.0,162.0
7.5361,-4.0,162.0
7.5413,24.0,160.0
7.5463,21.0,160.0
7.5512,-27.0,160.0
7.5562,-39.0,158.0
7.5611,33.0,156.0
7.5662,51.0,156.0
7.5714,-27.0,154.0
7.5762,-18.0,154.0
7.5812,4.0,154.0
7.5864,-81.0,154.0
7.5911,8.0,154.0
7.5962,183.0,156.0
7.6011,7.0,154.0
7.6063,-202.0,158.0
7.6112,-28.0,154.0
7.6161,130.0,156.0
7.6211,17.0,152.0
7.6266,-37.0,150.0
7.6314,18.0,144.0
7.6361,-18.0,144.0
7.6412,-39.0,138.0
7.6462,36.0,136.0
7.6511,26.0,130.0
7.6563,-42.0,128.0
7.6611,-4.0,122.0
7.6663,43.0,120.0
7.6712,-4.0,116.0
7.6762,-30.0,114.0
7.6812,2.0,110.0
7.6861,5.0,110.0
7.6913,-5.0,108.0
7.6963,20.0,108.0
7.7012,12.0,108.0
7.7062,-36.0,108.0
7.7115,-17.0,106.0
7.7165,36.0,106.0
7.7212,15.0,104.0
7.7271,-18.0,104.0
7.7339,10.0,102.0
7.7368,-6.0,98.0
7.7412,-69.0,100.0
7.7461,10.0,96.0
7.7513,141.0,98.0
7.7562,24.0,98.0
7.7614,-160.0,100.0
7.7662,-76.0,100.0
7.7711,77.0,98.0
7.7763,74.0,98.0
7.7812,35.0,96.0
7.7862,-2.0,96.0
7.7911,-56.0,94.0
7.7962,-64.0,94.0
7.8014,-18.0,94.0
7.8062,71.0,92.0
7.8113,92.0,92.0
7.8162,-46.0,92.0
7.8212,-109.0,90.0
7.8261,27.0,88.0
7.8314,84.0,88.0
7.8363,-21.0,88.0
7.8415,-50.0,90.0
7.8463,24.0,90.0
7.8515,26.0,88.0
7.8561,-30.0,88.0
7.8613,-11.0,86.0
7.8662,31.0,86.0
7.8711,-4.0,84.0
7.8762,-34.0,84.0
7.8812,29.0,84.0
7.8862,60.0,84.0
7.8914,-48.0,84.0
7.8962,-111.0,84.0
7.9012,40.0,82.0
7.9062,148.0,84.0
7.9113,-5.0,82.0
7.9163,-127.0,84.0
7.9213,-22.0,80.0
7.9262,56.0,80.0
7.9312,14.0,76.0
7.9361,1.0,74.0
7.9413,12.0,72.0
7.9463,-4.0,68.0
7.9513,-21.0,68.0
7.9562,-31.0,68.0
7.9611,0.0,66.0
7.9661,62.0,68.0
7.9711,34.0,68.0
7.9762,-53.0,68.0
7.9813,-54.0,68.0
7.9861,0.0,68.0
7.9912,34.0,68.0
7.9961,61.0,68.0
8.0013,22.0,68.0
8.0063,-74.0,68.0
8.0113,-71.0,70.0
8.0161,27.0,70.0
8.0211,67.0,70.0
8.0263,33.0,70.0
8.0311,-12.0,70.0
8.0363,-49.0,70.0
8.0412,-38.0,72.0
8.0461,14.0,72.0
8.0511,49.0,72.0
8.0563,37.0,72.0
8.0614,-24.0,72.0
8.0662,-74.0,74.0
8.0712,-18.0,74.0
8.0773,76.0,74.0
8.0812,52.0,76.0
8.0864,-39.0,76.0
8.0912,-47.0,76.0
8.0964,-11.0,76.0
8.1011,7.0,76.0
8.1061,41.0,78.0
8.1113,28.0,78.0
8.1163,-34.0,78.0
8.1212,-33.0,78.0
8.1262,7.0,78.0
8.1312,16.0,78.0
8.1361,14.0,78.0
8.1411,-4.0,76.0
8.1462,-23.0,78.0
8.1517,7.0,78.0
8.1561,32.0,78.0
8.1611,-8.0,78.0
8.1661,-45.0,78.0
8.1711,-8.0,78.0
8.1762,37.0,78.0
8.1813,26.0,78.0
8.1861,0.0,78.0
8.1912,-22.0,78.0
8.1962,-30.0,78.0
8.2011,8.0,78.0
8.2062,22.0,76.0
8.2112,0.0,76.0
8.2162,-12.0,76.0
8.2212,-15.0,76.0
8.2262,45.0,76.0
8.2314,54.0,76.0
8.2365,-105.0,76.0
8.2415,-99.0,76.0
8.2466,126.0,76.0
8.2511,120.0,76.0
8.2563,-86.0,76.0
8.2611,-100.0,78.0
8.2661,44.0,78.0
8.2718,48.0,78.0
8.2761,-63.0,78.0
8.2811,-12.0,78.0
8.2867,116.0,80.0
8.2913,30.0,80.0
8.2963,-126.0,80.0
8.3012,-75.0,82.0
8.3063,80.0,82.0
8.3111,90.0,84.0
8.3163,-49.0,84.0
8.3213,-61.0,86.0
8.3262,89.0,86.0
8.3311,39.0,88.0
8.3362,-155.0,90.0
8.3418,-53.0,90.0
8.3461,143.0,92.0
8.3511,11.0,92.0
8.3562,-41.0,92.0
8.3611,166.0,94.0
8.3661,-9.0,94.0
8.3712,-345.0,98.0
8.3763,-81.0,100.0
8.3813,312.0,104.0
8.3862,184.0,106.0
8.3912,-116.0,106.0
8.3961,-155.0,108.0
8.4014,-8.0,106.0
8.4061,78.0,106.0
8.4112,2.0,104.0
8.4162,-98.0,106.0
8.4211,4.0,104.0
8.4262,202.0,108.0
8.4314,42.0,108.0
8.4363,-290.0,112.0
8.4423,-82.0,112.0
8.4462,310.0,116.0
8.4512,86.0,116.0
8.4562,-271.0,120.0
8.4611,-61.0,118.0
8.4663,198.0,122.0
8.4712,-12.0,120.0
8.4762,-118.0,122.0
8.4811,106.0,122.0
8.4863,25.0,122.0
8.4913,-115.0,124.0
8.4964,111.0,126.0
8.5011,9.0,126.0
8.5062,-291.0,130.0
8.5113,102.0,130.0
8.5163,439.0,136.0
8.5211,-143.0,138.0
8.5261,-459.0,144.0
8.5311,133.0,146.0
8.5361,361.0,150.0
8.5412,-123.0,152.0
8.5464,-250.0,154.0
8.5512,136.0,156.0
8.5561,173.0,156.0
8.5612,-177.0,158.0
8.5661,-112.0,160.0
8.5714,212.0,162.0
8.5761,82.0,164.0
8.5813,-177.0,166.0
8.5861,-70.0,168.0
8.5911,50.0,168.0
8.5961,14.0,168.0
8.6011,121.0,170.0
8.6061,59.0,170.0
8.6112,-293.0,174.0
8.6163,-78.0,174.0
8.6213,437.0,180.0
8.6262,62.0,180.0
8.6315,-477.0,188.0
8.6364,-55.0,188.0
8.6413,365.0,192.0
8.6463,10.0,192.0
8.6517,-193.0,194.0
8.6561,146.0,196.0
8.6612,131.0,196.0
8.6664,-367.0,202.0
8.6712,-268.0,206.0
8.6761,429.0,212.0
8.6811,487.0,218.0
8.6862,-190.0,222.0
8.6913,-508.0,228.0
8.6963,-143.0,230.0
8.7012,233.0,234.0
8.7062,247.0,236.0
8.7112,99.0,238.0
8.7163,-110.0,238.0
8.7212,-249.0,242.0
8.7262,-36.0,242.0
8.7312,224.0,244.0
8.7362,56.0,244.0
8.7412,-110.0,246.0
8.7461,5.0,246.0
8.7514,-61.0,246.0
8.7562,-98.0,248.0
8.7611,207.0,250.0
8.7662,184.0,252.0
8.7712,-224.0,256.0
8.7762,-151.0,258.0
8.7813,202.0,262.0
8.7861,-51.0,262.0
8.7912,-351.0,266.0
8.7961,240.0,270.0
8.8013,653.0,280.0
8.8063,-185.0,282.0
8.8112,-804.0,294.0
8.8161,-69.0,296.0
8.8212,614.0,304.0
8.8262,259.0,308.0
8.8316,-278.0,312.0
8.8362,-304.0,316.0
8.8411,50.0,318.0
8.8461,361.0,322.0
8.8522,109.0,324.0
8.8561,-477.0,332.0
8.8614,-312.0,336.0
8.8663,462.0,342.0
8.8711,430.0,348.0
8.8761,-201.0,350.0
8.8811,-249.0,352.0
8.8863,-98.0,352.0
8.8913,-152.0,352.0
8.8963,161.0,354.0
8.9013,382.0,358.0
8.9062,-36.0,358.0
8.9112,-248.0,362.0
8.9163,-42.0,360.0
8.9212,6.0,360.0
8.9261,53.0,360.0
8.9311,81.0,360.0
8.9362,-129.0,360.0
8.9411,-57.0,360.0
8.9461,258.0,364.0
8.9522,21.0,362.0
8.9562,-330.0,366.0
8.9611,6.0,366.0
8.9662,298.0,368.0
8.9714,-18.0,368.0
8.9762,-172.0,368.0
8.9812,28.0,368.0
8.9862,-19.0,366.0
8.9911,-27.0,366.0
8.9961,237.0,370.0
9.0011,-8.0,368.0
9.0063,-426.0,374.0
9.0111,26.0,368.0
9.0161,515.0,376.0
9.0211,69.0,372.0
9.0267,-454.0,376.0
9.0317,-245.0,378.0
9.0362,276.0,380.0
9.0412,343.0,386.0
9.0461,-123.0,386.0
9.0512,-294.0,390.0
9.0567,107.0,390.0
9.0613,194.0,394.0
9.0663,-171.0,394.0
9.0712,-141.0,394.0
9.0761,179.0,392.0
9.0812,115.0,394.0
9.0864,-104.0,390.0
9.0914,-65.0,390.0
9.0961,18.0,386.0
9.1011,8.0,386.0
9.1063,23.0,382.0
9.1111,13.0,382.0
9.1163,-25.0,380.0
9.1213,12.0,380.0
9.1262,21.0,380.0
9.1312,-50.0,378.0
9.1361,-34.0,378.0
9.1411,56.0,378.0
9.1461,53.0,374.0
9.1512,-26.0,374.0
9.1572,-54.0,368.0
9.1619,0.0,364.0
9.1661,28.0,358.0
9.1712,4.0,356.0
9.1761,32.0,350.0
9.1811,22.0,350.0
9.1861,-100.0,346.0
9.1911,-78.0,346.0
9.1961,101.0,344.0
9.2011,113.0,344.0
9.2063,-12.0,342.0
9.2113,-75.0,340.0
9.2161,-99.0,340.0
9.2212,-1.0,338.0
9.2262,166.0,340.0
9.2313,47.0,340.0
9.2362,-176.0,342.0
9.2411,-41.0,340.0
9.2461,145.0,342.0
9.2512,8.0,338.0
9.2561,-95.0,338.0
9.2612,11.0,330.0
9.2662,45.0,330.0
9.2711,0.0,324.0
9.2761,5.0,322.0
9.2811,-8.0,316.0
9.2862,-52.0,318.0
9.2911,-21.0,314.0
9.2961,55.0,314.0
9.3011,58.0,312.0
9.3062,4.0,306.0
9.3111,-42.0,304.0
9.3161,-86.0,298.0
9.3212,-29.0,290.0
9.3264,124.0,290.0
9.3312,100.0,284.0
9.3362,-91.0,282.0
9.3413,-123.0,280.0
9.3463,28.0,278.0
9.3514,102.0,278.0
9.3563,10.0,276.0
9.3613,-65.0,272.0
9.3661,-27.0,272.0
9.3713,18.0,270.0
9.3762,41.0,270.0
9.3811,37.0,268.0
9.3862,-40.0,268.0
9.3912,-73.0,268.0
9.3961,21.0,268.0
9.4013,63.0,266.0
9.4062,-19.0,262.0
9.4112,-26.0,260.0
9.4162,52.0,258.0
9.4211,4.0,256.0
9.4262,-76.0,256.0
9.4313,0.0,250.0
9.4361,57.0,248.0
9.4412,-10.0,238.0
9.4462,-20.0,234.0
9.4512,22.0,222.0
9.4561,0.0,222.0
9.4613,-12.0,212.0
9.4662,7.0,208.0
9.4716,-18.0,204.0
9.4761,-23.0,200.0
9.4812,38.0,200.0
9.4863,37.0,194.0
9.4914,-31.0,192.0
9.4963,-33.0,186.0
9.5011,8.0,182.0
9.5061,15.0,174.0
9.5111,12.0,168.0
9.5161,8.0,164.0
9.5214,-20.0,162.0
9.5261,-30.0,160.0
9.5311,9.0,158.0
9.5361,35.0,156.0
9.5413,9.0,150.0
9.5463,-25.0,150.0
9.5512,-17.0,146.0
9.5561,4.0,146.0
9.5611,0.0,146.0
9.5667,29.0,146.0
9.5713,41.0,144.0
9.5761,-61.0,144.0
9.5812,-90.0,144.0
9.5861,59.0,140.0
9.5911,110.0,142.0
9.5961,-10.0,138.0
9.6012,-74.0,138.0
9.6063,-49.0,134.0
9.6111,-3.0,134.0
9.6161,63.0,132.0
9.6213,63.0,134.0
9.6262,-28.0,134.0
9.6314,-56.0,134.0
9.6361,-6.0,130.0
9.6411,5.0,130.0
9.6463,9.0,124.0
9.6514,31.0,124.0
9.6561,-1.0,116.0
9.6611,-31.0,114.0
9.6662,11.0,108.0
9.6712,19.0,104.0
9.6761,-34.0,100.0
9.6823,-23.0,96.0
9.6873,33.0,94.0
9.6912,40.0,90.0
9.6962,6.0,88.0
9.7011,-42.0,86.0
9.7061,-47.0,84.0
9.7111,23.0,82.0
9.7161,54.0,80.0
9.7211,-4.0,78.0
9.7261,-28.0,78.0
9.7311,-1.0,76.0
9.7361,-4.0,76.0
9.7412,-7.0,76.0
9.7461,30.0,76.0
9.7511,24.0,76.0
9.7561,-34.0,76.0
9.7611,-31.0,78.0
9.7661,18.0,78.0
9.7711,12.0,76.0
9.7773,-2.0,76.0
9.7811,15.0,76.0
9.7881,-4.0,74.0
9.7921,-30.0,74.0
9.7972,12.0,74.0
9.801,35.0,74.0
9.8061,-17.0,74.0
9.8114,-36.0,74.0
9.8162,10.0,74.0
9.8211,17.0,74.0
9.8262,-3.0,74.0
9.8313,11.0,72.0
9.8362,8.0,70.0
9.8414,-24.0,70.0
9.8461,-16.0,70.0
9.8511,13.0,68.0
9.8561,25.0,68.0
9.8611,0.0,68.0
9.8661,-46.0,66.0
9.8711,-12.0,64.0
9.8761,73.0,64.0
9.8812,20.0,62.0
9.8863,-84.0,62.0
9.8911,-12.0,62.0
9.8961,75.0,62.0
9.9011,-5.0,62.0
9.9062,-58.0,62.0
9.9112,14.0,62.0
9.9163,36.0,62.0
9.9212,-15.0,62.0
9.9262,-12.0,62.0
9.9311,21.0,62.0
9.9361,-2.0,60.0
9.9412,-32.0,60.0
9.9461,-4.0,60.0
9.9511,30.0,60.0
9.9561,31.0,60.0
9.9613,-2.0,60.0
9.9661,-52.0,58.0
9.9711,-42.0,58.0
9.9761,33.0,56.0
9.9813,73.0,56.0
9.9861,35.0,56.0
9.9911,-59.0,54.0
9.9961,-114.0,56.0
10.0013,6.0,56.0
